lang,tier
aai_Latn,script
aak_Latn,script
aau_Latn,family_script
aaz_Latn,script
aba_Latn,script
abi_Latn,family_script
abk_Cyrl,script
abn_Latn,script
abq_Cyrl,script
abs_Latn,script
abt_Latn,genus_script
abx_Latn,script
aby_Latn,script
abz_Latn,script
aca_Latn,family_script
acd_Latn,script
ace_Arab,script
ace_Latn,genus_script
acf_Latn,genus_script
ach_Latn,genus_script
acm_Arab,genus_script
acn_Latn,family_script
acr_Latn,genus_script
acu_Latn,genus_script
ada_Latn,script
ade_Latn,script
adh_Latn,script
adi_Latn,family_script
adj_Latn,family_script
adl_Latn,family_script
ady_Cyrl,script
adz_Latn,genus_script
aeb_Arab,genus_script
aer_Latn,script
aeu_Latn,script
aey_Latn,family_script
afr_Latn,genus_script
agd_Latn,genus_script
agg_Latn,script
agm_Latn,family_script
agn_Latn,script
agr_Latn,genus_script
agt_Latn,genus_script
agu_Latn,genus_script
agw_Latn,script
agx_Cyrl,script
aha_Latn,script
ahk_Latn,family_script
aia_Latn,genus_script
aii_Syrc,none
aim_Latn,script
ain_Latn,script
ajg_Latn,genus_script
aji_Latn,genus_script
ajz_Latn,script
akb_Latn,script
ake_Latn,genus_script
akh_Latn,script
akp_Latn,script
ald_Latn,family_script
alj_Latn,script
aln_Latn,script
alp_Latn,family_script
alq_Latn,script
als_Latn,script
alt_Cyrl,genus_script
aly_Latn,script
alz_Latn,script
ame_Latn,family_script
amf_Latn,family_script
amh_Ethi,family_script
ami_Latn,family_script
amk_Latn,family_script
amm_Latn,script
amn_Latn,script
amp_Latn,family_script
amr_Latn,script
amu_Latn,family_script
amx_Latn,script
ang_Latn,script
anm_Latn,script
ann_Latn,family_script
anp_Deva,script
anv_Latn,script
any_Latn,family_script
aoi_Latn,script
aoj_Latn,family_script
aom_Latn,family_script
aoz_Latn,family_script
apb_Latn,genus_script
apc_Arab,genus_script
ape_Latn,family_script
apn_Latn,script
apr_Latn,genus_script
apt_Latn,family_script
apu_Latn,family_script
apw_Latn,script
apy_Latn,genus_script
apz_Latn,family_script
aqz_Latn,script
arb_Arab,genus_script
arb_Latn,family_script
arc_Syrc,script
are_Latn,script
arg_Latn,script
arl_Latn,script
arn_Latn,script
arp_Latn,script
arq_Arab,script
arr_Latn,family_script
ars_Arab,script
ary_Arab,genus_script
arz_Arab,genus_script
asg_Latn,script
asm_Beng,script
asm_Latn,genus_script
aso_Latn,script
ast_Latn,genus_script
ata_Latn,script
atb_Latn,script
atd_Latn,script
atg_Latn,script
ati_Latn,script
atj_Latn,script
atq_Latn,genus_script
att_Latn,script
auc_Latn,script
aui_Latn,script
auy_Latn,genus_script
ava_Cyrl,script
avk_Latn,script
avn_Latn,family_script
avt_Latn,family_script
avu_Latn,family_script
awa_Deva,genus_script
awb_Latn,genus_script
awi_Latn,script
awx_Latn,script
ayo_Latn,script
ayp_Arab,script
ayr_Latn,script
azb_Arab,genus_script
azg_Latn,script
azj_Cyrl,genus_script
azj_Latn,genus_script
azz_Latn,genus_script
bak_Cyrl,genus_script
bal_Arab,script
bam_Latn,genus_script
ban_Latn,genus_script
bao_Latn,script
bar_Latn,genus_script
bas_Latn,genus_script
bav_Latn,family_script
bba_Latn,family_script
bbb_Latn,family_script
bbc_Latn,genus_script
bbj_Latn,script
bbk_Latn,script
bbo_Latn,genus_script
bbr_Latn,script
bch_Latn,script
bci_Latn,family_script
bcl_Latn,genus_script
bco_Latn,family_script
bcw_Latn,family_script
bdd_Latn,script
bdh_Latn,genus_script
bdq_Latn,family_script
bea_Latn,script
bef_Latn,genus_script
bel_Cyrl,genus_script
bem_Latn,genus_script
ben_Beng,script
ben_Latn,genus_script
beq_Latn,genus_script
bew_Latn,genus_script
bex_Latn,genus_script
bfd_Latn,family_script
bfo_Latn,script
bgr_Latn,genus_script
bgs_Latn,script
bgt_Latn,script
bgz_Latn,family_script
bhg_Latn,genus_script
bhl_Latn,script
bho_Deva,genus_script
bhp_Latn,family_script
bhw_Latn,family_script
bhz_Latn,script
bib_Latn,family_script
big_Latn,script
bim_Latn,genus_script
bin_Latn,genus_script
bis_Latn,genus_script
biu_Latn,script
biv_Latn,script
bjn_Arab,script
bjn_Latn,script
bjp_Latn,script
bjr_Latn,family_script
bjv_Latn,script
bkd_Latn,genus_script
bkl_Latn,script
bkq_Latn,genus_script
bku_Latn,script
bkv_Latn,script
bla_Latn,script
blh_Latn,script
blk_Mymr,script
blt_Latn,script
blw_Latn,genus_script
blz_Latn,family_script
bmh_Latn,script
bmk_Latn,script
bmq_Latn,script
bmr_Latn,script
bmu_Latn,genus_script
bmv_Latn,script
bnj_Latn,script
bno_Latn,script
bnp_Latn,script
boa_Latn,script
bod_Tibt,none
boj_Latn,script
bom_Latn,family_script
bon_Latn,script
bor_Latn,script
bov_Latn,script
box_Latn,script
bpr_Latn,family_script
bps_Latn,script
bpy_Beng,script
bqc_Latn,family_script
bqj_Latn,script
bqp_Latn,family_script
bre_Latn,genus_script
brh_Arab,script
bru_Latn,family_script
brx_Deva,script
brx_Latn,genus_script
bsc_Latn,family_script
bsn_Latn,script
bsp_Latn,family_script
bsq_Latn,script
bss_Latn,script
btd_Latn,script
bth_Latn,family_script
bts_Latn,script
btt_Latn,script
btx_Latn,genus_script
bud_Latn,genus_script
bug_Latn,genus_script
buk_Latn,script
bul_Cyrl,genus_script
bum_Latn,genus_script
bus_Latn,script
bvc_Latn,script
bvd_Latn,script
bvr_Latn,script
bvz_Latn,script
bwd_Latn,script
bwi_Latn,family_script
bwq_Latn,script
bwu_Latn,genus_script
bxh_Latn,script
bxr_Cyrl,script
byr_Latn,family_script
byv_Latn,script
byx_Latn,script
bzd_Latn,script
bzh_Latn,script
bzi_Thai,script
bzj_Latn,script
caa_Latn,genus_script
cab_Latn,family_script
cac_Latn,genus_script
caf_Latn,script
cag_Latn,script
cak_Latn,genus_script
cao_Latn,genus_script
cap_Latn,script
caq_Latn,family_script
car_Latn,genus_script
cas_Latn,script
cat_Latn,genus_script
cav_Latn,family_script
cax_Latn,script
cbc_Latn,script
cbi_Latn,script
cbk_Latn,genus_script
cbr_Latn,genus_script
cbs_Latn,genus_script
cbt_Latn,script
cbu_Latn,script
cbv_Latn,script
cce_Latn,script
cco_Latn,family_script
ccp_Latn,script
cdf_Latn,script
cdo_Latn,family_script
ceb_Latn,genus_script
ceg_Latn,script
cek_Latn,script
ces_Latn,genus_script
cfm_Latn,script
cgc_Latn,script
cgg_Latn,genus_script
cha_Latn,family_script
chd_Latn,script
che_Cyrl,script
chf_Latn,genus_script
chj_Latn,script
chk_Latn,genus_script
cho_Latn,script
chq_Latn,family_script
chr_Cher,none
chr_Latn,script
chu_Cyrl,script
chv_Cyrl,genus_script
chw_Latn,script
chz_Latn,script
cjk_Latn,script
cjo_Latn,family_script
cjp_Latn,script
cjs_Cyrl,genus_script
cjv_Latn,genus_script
ckb_Arab,genus_script
cko_Latn,family_script
ckt_Cyrl,script
cle_Latn,family_script
clu_Latn,script
cly_Latn,script
cme_Latn,family_script
cmn_Hani,genus_script
cmo_Khmr,script
cmo_Latn,script
cmr_Latn,script
cnh_Latn,genus_script
cni_Latn,family_script
cnk_Latn,genus_script
cnl_Latn,script
cnt_Latn,family_script
cnw_Latn,script
coe_Latn,script
cof_Latn,script
cok_Latn,script
con_Latn,script
cop_Copt,none
cor_Latn,genus_script
cos_Latn,script
cot_Latn,script
cou_Latn,family_script
cpa_Latn,family_script
cpb_Latn,script
cpc_Latn,family_script
cpu_Latn,script
cpy_Latn,script
crh_Cyrl,genus_script
crh_Latn,genus_script
cri_Latn,script
crj_Cans,script
crk_Cans,script
crk_Latn,script
crl_Cans,script
crm_Cans,script
crn_Latn,family_script
crs_Latn,genus_script
crt_Latn,script
crx_Latn,script
csb_Latn,genus_script
csk_Latn,family_script
cso_Latn,family_script
csw_Cans,script
csw_Latn,script
csy_Latn,genus_script
cta_Latn,genus_script
ctd_Latn,genus_script
cto_Latn,genus_script
ctp_Latn,genus_script
ctu_Latn,genus_script
cub_Latn,script
cuc_Latn,family_script
cui_Latn,script
cuk_Latn,script
cul_Latn,script
cut_Latn,family_script
cux_Latn,family_script
cwd_Cans,script
cwe_Latn,script
cwt_Latn,script
cya_Latn,genus_script
cym_Latn,genus_script
czt_Latn,script
daa_Latn,family_script
dad_Latn,script
daf_Latn,script
dag_Latn,genus_script
dah_Latn,script
dak_Latn,script
dan_Latn,genus_script
dar_Cyrl,script
dbq_Latn,family_script
ddg_Latn,script
ddn_Latn,script
ded_Latn,script
des_Latn,script
deu_Latn,genus_script
dga_Latn,genus_script
dgc_Latn,genus_script
dgi_Latn,script
dgr_Latn,script
dgz_Latn,family_script
dhg_Latn,script
dhm_Latn,script
dhv_Latn,genus_script
did_Latn,family_script
dig_Latn,script
dik_Latn,script
dip_Latn,script
diq_Latn,family_script
dis_Latn,genus_script
diu_Latn,script
div_Thaa,none
dje_Latn,script
djk_Latn,genus_script
djr_Latn,script
dks_Latn,script
dln_Latn,script
dng_Cyrl,script
dnj_Latn,family_script
dnw_Latn,script
dob_Latn,script
doi_Deva,script
dop_Latn,script
dos_Latn,script
dow_Latn,family_script
drg_Latn,script
dru_Latn,family_script
dsb_Latn,genus_script
dsh_Latn,family_script
dtb_Latn,script
dtp_Latn,script
dts_Latn,script
dty_Deva,script
dua_Latn,genus_script
due_Latn,script
dug_Latn,script
duo_Latn,genus_script
dur_Latn,family_script
dwr_Ethi,family_script
dwr_Latn,genus_script
dww_Latn,script
dyi_Latn,family_script
dyo_Latn,family_script
dyu_Latn,genus_script
dzo_Tibt,script
ebk_Latn,script
efi_Latn,family_script
eka_Latn,script
ekk_Latn,family_script
eko_Latn,genus_script
ell_Grek,script
eme_Latn,genus_script
emi_Latn,genus_script
eml_Latn,script
emp_Latn,genus_script
enb_Latn,script
eng_Latn,genus_script
enl_Latn,script
enm_Latn,script
enq_Latn,family_script
enx_Latn,script
epo_Latn,script
eri_Latn,script
ese_Latn,family_script
esi_Latn,script
esk_Latn,script
ess_Latn,script
esu_Latn,script
eto_Latn,script
etr_Latn,family_script
etu_Latn,family_script
eus_Latn,script
eve_Cyrl,family_script
ewe_Latn,genus_script
ewo_Latn,genus_script
ext_Latn,script
eza_Latn,script
faa_Latn,family_script
fad_Latn,script
fai_Latn,script
fal_Latn,script
fan_Latn,script
fao_Latn,genus_script
far_Latn,script
fas_Arab,script
fat_Latn,script
ffm_Latn,genus_script
fij_Latn,genus_script
fil_Latn,script
fin_Latn,family_script
fit_Latn,script
fkv_Latn,script
fmu_Deva,script
fon_Latn,genus_script
for_Latn,family_script
fra_Latn,genus_script
frd_Latn,family_script
fro_Latn,script
frp_Latn,script
frr_Latn,genus_script
fry_Latn,genus_script
fub_Latn,genus_script
fud_Latn,genus_script
fue_Latn,script
fuf_Latn,genus_script
fuh_Latn,genus_script
fuq_Latn,script
fur_Latn,script
fuv_Arab,script
fuv_Latn,genus_script
gaa_Latn,family_script
gag_Cyrl,genus_script
gag_Latn,genus_script
gah_Latn,family_script
gai_Latn,script
gam_Latn,script
gaw_Latn,script
gaz_Latn,family_script
gbi_Latn,script
gbo_Latn,script
gbr_Latn,family_script
gcf_Latn,genus_script
gcr_Latn,genus_script
gde_Latn,family_script
gdg_Latn,script
gdn_Latn,script
gdr_Latn,script
geb_Latn,script
gej_Latn,script
gfk_Latn,genus_script
ghe_Deva,script
ghs_Latn,family_script
gid_Latn,family_script
gil_Latn,genus_script
giz_Latn,script
gjn_Latn,script
gkn_Latn,family_script
gla_Latn,genus_script
gle_Latn,genus_script
glg_Latn,genus_script
glk_Arab,genus_script
glv_Latn,genus_script
gmh_Latn,script
gmv_Ethi,family_script
gmv_Latn,genus_script
gna_Latn,script
gnb_Latn,script
gnd_Latn,script
gng_Latn,script
gnn_Latn,script
gnw_Latn,script
goa_Latn,family_script
gof_Ethi,script
gof_Latn,script
gog_Latn,script
goh_Latn,script
gom_Deva,script
gom_Latn,script
gor_Latn,genus_script
gos_Latn,script
got_Goth,none
got_Latn,script
gqr_Latn,script
grc_Grek,script
grt_Beng,script
gso_Latn,family_script
gsw_Latn,genus_script
gub_Latn,genus_script
guc_Latn,family_script
gud_Latn,script
gug_Latn,genus_script
guh_Latn,script
gui_Latn,genus_script
guj_Gujr,none
guj_Latn,genus_script
guk_Ethi,script
gul_Latn,script
gum_Latn,script
gun_Latn,script
guo_Latn,script
guq_Latn,genus_script
gur_Latn,genus_script
guu_Latn,script
guw_Latn,genus_script
gux_Latn,genus_script
guz_Latn,genus_script
gvc_Latn,script
gvf_Latn,genus_script
gvl_Latn,script
gvn_Latn,script
gwi_Latn,script
gwr_Latn,script
gya_Latn,family_script
gym_Latn,script
gyr_Latn,script
hac_Arab,genus_script
hae_Latn,family_script
hag_Latn,script
hak_Hani,genus_script
hak_Latn,family_script
hat_Latn,genus_script
hau_Latn,family_script
hav_Latn,script
haw_Latn,genus_script
hay_Latn,genus_script
hbo_Hebr,script
hbs_Latn,genus_script
hch_Latn,family_script
heb_Hebr,script
heg_Latn,script
heh_Latn,genus_script
her_Latn,genus_script
hif_Latn,script
hig_Latn,script
hil_Latn,genus_script
hin_Deva,genus_script
hin_Latn,genus_script
hix_Latn,genus_script
hla_Latn,genus_script
hlt_Latn,script
hmo_Latn,script
hmr_Latn,genus_script
hne_Deva,script
hnj_Latn,family_script
hnn_Latn,genus_script
hns_Latn,script
hoc_Latn,family_script
hoc_Wara,none
hop_Latn,family_script
hot_Latn,script
hra_Latn,script
hrx_Latn,script
hsb_Latn,genus_script
hto_Latn,script
hub_Latn,genus_script
hui_Latn,script
hun_Hung,none
hun_Latn,family_script
hus_Latn,genus_script
huu_Latn,script
huv_Latn,script
hvn_Latn,family_script
hwc_Latn,genus_script
hye_Armn,script
hyw_Armn,script
ian_Latn,genus_script
iba_Latn,genus_script
ibg_Latn,genus_script
ibo_Latn,family_script
icr_Latn,script
ido_Latn,script
idu_Latn,family_script
ifa_Latn,script
ifb_Latn,genus_script
ife_Latn,script
ifk_Latn,script
ifu_Latn,script
ify_Latn,script
ige_Latn,family_script
ign_Latn,family_script
ike_Cans,script
ikk_Latn,script
ikt_Latn,script
ikw_Latn,script
ilb_Latn,genus_script
ile_Latn,script
ilo_Latn,genus_script
imo_Latn,script
ina_Latn,script
inb_Latn,genus_script
ind_Latn,genus_script
inh_Cyrl,script
ino_Latn,script
iou_Latn,script
ipi_Latn,script
iqw_Latn,script
iri_Latn,script
irk_Latn,family_script
iry_Latn,script
isd_Latn,genus_script
ish_Latn,script
isl_Latn,genus_script
iso_Latn,genus_script
ita_Latn,genus_script
itl_Cyrl,script
itv_Latn,genus_script
ium_Latn,family_script
ivb_Latn,family_script
ivv_Latn,script
iws_Latn,script
ixl_Latn,genus_script
izr_Latn,family_script
izz_Latn,family_script
jaa_Latn,script
jac_Latn,genus_script
jae_Latn,genus_script
jam_Latn,genus_script
jav_Java,none
jav_Latn,family_script
jbo_Latn,script
jbu_Latn,family_script
jic_Latn,script
jiv_Latn,genus_script
jmc_Latn,script
jpn_Jpan,none
jra_Latn,script
jun_Orya,script
jvn_Latn,script
kaa_Cyrl,genus_script
kaa_Latn,genus_script
kab_Latn,family_script
kac_Latn,genus_script
kak_Latn,script
kal_Latn,script
kam_Latn,genus_script
kan_Knda,none
kan_Latn,script
kao_Latn,genus_script
kap_Cyrl,script
kaq_Latn,genus_script
kas_Arab,family_script
kas_Deva,genus_script
kas_Latn,genus_script
kat_Geor,script
kaz_Cyrl,genus_script
kbc_Latn,script
kbd_Cyrl,script
kbh_Latn,script
kbm_Latn,script
kbo_Latn,script
kbp_Latn,genus_script
kbq_Latn,genus_script
kbr_Latn,genus_script
kby_Latn,script
kca_Cyrl,family_script
kcg_Latn,family_script
kck_Latn,genus_script
kdc_Latn,script
kde_Latn,genus_script
kdh_Latn,genus_script
kdi_Latn,script
kdj_Latn,genus_script
kdl_Latn,script
kdr_Latn,genus_script
kea_Latn,script
kei_Latn,family_script
kek_Latn,genus_script
ken_Latn,family_script
keo_Latn,script
ker_Latn,family_script
kew_Latn,family_script
kex_Deva,genus_script
kez_Latn,script
kff_Telu,script
kgf_Latn,script
kgk_Latn,genus_script
kgp_Latn,script
kgr_Latn,script
kha_Latn,family_script
khk_Cyrl,family_script
khm_Khmr,none
khq_Latn,script
khs_Latn,script
khy_Latn,script
khz_Latn,script
kia_Latn,family_script
kij_Latn,genus_script
kik_Latn,genus_script
kin_Latn,genus_script
kir_Cyrl,genus_script
kiu_Latn,script
kix_Latn,script
kjb_Latn,genus_script
kje_Latn,family_script
kjh_Cyrl,genus_script
kjs_Latn,script
kkc_Latn,script
kki_Latn,genus_script
kkj_Latn,script
kkl_Latn,family_script
kle_Deva,script
klt_Latn,script
klv_Latn,script
kma_Latn,genus_script
kmb_Latn,script
kmd_Latn,script
kmg_Latn,genus_script
kmh_Latn,family_script
kmk_Latn,script
kmm_Latn,script
kmo_Latn,family_script
kmr_Cyrl,family_script
kmr_Latn,family_script
kms_Latn,family_script
kmu_Latn,script
kmy_Latn,script
knc_Arab,script
knc_Latn,script
kne_Latn,genus_script
knf_Latn,family_script
kng_Latn,genus_script
knj_Latn,genus_script
knk_Latn,genus_script
kno_Latn,script
knv_Latn,script
knx_Latn,script
kny_Latn,genus_script
kog_Latn,script
koi_Cyrl,family_script
koo_Latn,script
kor_Hang,none
kos_Latn,genus_script
kpe_Latn,script
kpf_Latn,script
kpg_Latn,genus_script
kpj_Latn,script
kpq_Latn,script
kpr_Latn,genus_script
kpv_Cyrl,family_script
kpw_Latn,family_script
kpx_Latn,family_script
kpz_Latn,family_script
kqa_Latn,script
kqc_Latn,script
kqe_Latn,script
kqf_Latn,script
kql_Latn,script
kqn_Latn,script
kqo_Latn,script
kqp_Latn,script
kqs_Latn,script
kqw_Latn,script
kqy_Ethi,family_script
krc_Cyrl,genus_script
kri_Latn,script
krj_Latn,script
krl_Latn,family_script
kru_Deva,script
krx_Latn,script
ksb_Latn,genus_script
ksc_Latn,script
ksd_Latn,genus_script
ksf_Latn,genus_script
ksh_Latn,genus_script
ksj_Latn,script
ksp_Latn,script
ksr_Latn,script
kss_Latn,family_script
ksw_Mymr,script
ktb_Ethi,script
ktj_Latn,script
ktm_Latn,script
kto_Latn,script
ktu_Latn,genus_script
ktz_Latn,script
kua_Latn,script
kub_Latn,script
kud_Latn,script
kue_Latn,genus_script
kuj_Latn,script
kum_Cyrl,genus_script
kup_Latn,family_script
kus_Latn,script
kvg_Latn,family_script
kvj_Latn,script
kvn_Latn,script
kwd_Latn,genus_script
kwf_Latn,script
kwi_Latn,script
kwj_Latn,script
kwn_Latn,genus_script
kwy_Latn,script
kxc_Ethi,script
kxm_Thai,script
kxw_Latn,script
kyc_Latn,family_script
kyf_Latn,script
kyg_Latn,script
kyq_Latn,genus_script
kyu_Kali,none
kyu_Latn,script
kyu_Mymr,script
kyz_Latn,genus_script
kze_Latn,script
kzf_Latn,family_script
kzj_Latn,family_script
kzn_Latn,script
lac_Latn,genus_script
lad_Hebr,script
lad_Latn,genus_script
lai_Latn,script
laj_Latn,genus_script
lam_Latn,genus_script
lao_Laoo,none
lap_Latn,script
las_Latn,script
lat_Latn,script
law_Latn,family_script
lbb_Latn,script
lbe_Cyrl,script
lbj_Tibt,script
lbk_Latn,genus_script
lcm_Latn,genus_script
lcp_Thai,script
ldi_Latn,script
ldn_Latn,script
lea_Latn,genus_script
led_Latn,family_script
lee_Latn,genus_script
lef_Latn,family_script
leh_Latn,script
lem_Latn,script
leu_Latn,genus_script
lew_Latn,family_script
lex_Latn,family_script
lez_Cyrl,script
lfn_Cyrl,script
lfn_Latn,script
lgg_Latn,family_script
lgl_Latn,script
lgm_Latn,script
lhi_Latn,script
lhu_Latn,family_script
lia_Latn,script
lid_Latn,script
lif_Deva,script
lif_Limb,none
lij_Latn,genus_script
lim_Latn,script
lin_Latn,genus_script
lip_Latn,script
lis_Lisu,none
lit_Latn,family_script
liv_Latn,family_script
ljp_Latn,family_script
lki_Arab,script
llb_Latn,script
lld_Latn,genus_script
llg_Latn,script
lln_Latn,family_script
lmk_Latn,script
lmo_Latn,script
lmp_Latn,script
lnd_Latn,family_script
lob_Latn,family_script
loe_Latn,script
log_Latn,family_script
lok_Latn,genus_script
lol_Latn,genus_script
lom_Latn,genus_script
loq_Latn,script
loz_Latn,genus_script
lrc_Arab,genus_script
lsi_Latn,script
lsm_Latn,script
ltg_Latn,script
ltz_Latn,genus_script
lua_Latn,genus_script
lub_Latn,genus_script
luc_Latn,script
lud_Latn,script
lue_Latn,genus_script
lug_Latn,genus_script
lun_Latn,genus_script
luo_Latn,genus_script
lus_Latn,genus_script
lvs_Latn,script
lwg_Latn,script
lwo_Latn,genus_script
lww_Latn,genus_script
lzh_Hani,script
maa_Latn,script
mad_Latn,genus_script
maf_Latn,script
mag_Deva,genus_script
mah_Latn,genus_script
mai_Deva,genus_script
maj_Latn,script
mak_Latn,genus_script
mal_Latn,script
mal_Mlym,none
mam_Latn,genus_script
maq_Latn,family_script
mar_Deva,genus_script
mar_Latn,genus_script
mas_Latn,genus_script
mau_Latn,family_script
mav_Latn,script
maw_Latn,genus_script
max_Latn,script
maz_Latn,family_script
mbb_Latn,genus_script
mbc_Latn,genus_script
mbd_Latn,script
mbf_Latn,script
mbh_Latn,script
mbi_Latn,script
mbj_Latn,script
mbl_Latn,script
mbs_Latn,script
mbt_Latn,genus_script
mca_Latn,script
mcb_Latn,family_script
mcd_Latn,genus_script
mcf_Latn,genus_script
mck_Latn,script
mcn_Latn,family_script
mco_Latn,genus_script
mcp_Latn,genus_script
mcq_Latn,script
mcu_Latn,family_script
mda_Latn,family_script
mdf_Cyrl,family_script
mdy_Ethi,family_script
med_Latn,script
mee_Latn,script
mej_Latn,script
mek_Latn,genus_script
men_Latn,genus_script
meq_Latn,script
mer_Latn,script
met_Latn,script
meu_Latn,genus_script
mev_Latn,family_script
mfe_Latn,genus_script
mfg_Latn,script
mfh_Latn,script
mfi_Latn,script
mfk_Latn,script
mfq_Latn,script
mfy_Latn,family_script
mfz_Latn,script
mgc_Latn,script
mgh_Latn,genus_script
mgm_Latn,script
mgo_Latn,script
mgr_Latn,genus_script
mhi_Latn,family_script
mhl_Latn,script
mhr_Cyrl,family_script
mhw_Latn,script
mhx_Latn,family_script
mhy_Latn,family_script
mib_Latn,family_script
mic_Latn,script
mie_Latn,family_script
mif_Latn,family_script
mig_Latn,family_script
mih_Latn,family_script
mil_Latn,family_script
mim_Latn,family_script
min_Arab,script
min_Latn,genus_script
mio_Latn,family_script
mip_Latn,script
miq_Latn,script
mir_Latn,script
mit_Latn,script
miy_Latn,family_script
miz_Latn,family_script
mjc_Latn,family_script
mjw_Latn,family_script
mkd_Cyrl,genus_script
mkl_Latn,script
mkn_Latn,script
mks_Latn,family_script
mkz_Latn,script
mlh_Latn,script
mlp_Latn,family_script
mlt_Latn,family_script
mlu_Latn,genus_script
mmn_Latn,genus_script
mmo_Latn,script
mmx_Latn,script
mna_Latn,genus_script
mnb_Latn,family_script
mnf_Latn,family_script
mni_Beng,script
mni_Latn,family_script
mni_Mtei,none
mnk_Latn,genus_script
mns_Cyrl,family_script
mnw_Mymr,script
mnx_Latn,script
mny_Latn,script
moa_Latn,script
moc_Latn,script
mog_Latn,genus_script
moh_Latn,script
mop_Latn,genus_script
mor_Latn,script
mos_Latn,genus_script
mox_Latn,script
mpg_Latn,script
mph_Latn,script
mpm_Latn,family_script
mpp_Latn,script
mps_Latn,script
mpt_Latn,genus_script
mpx_Latn,script
mqb_Latn,script
mqj_Latn,genus_script
mqy_Latn,family_script
mrg_Latn,family_script
mri_Latn,genus_script
mrj_Cyrl,family_script
mrq_Latn,genus_script
mrv_Latn,script
mrw_Latn,genus_script
msb_Latn,script
msc_Latn,script
mse_Latn,script
msk_Latn,script
msm_Latn,script
msy_Latn,script
mta_Latn,script
mtg_Latn,family_script
mti_Latn,script
mtj_Latn,script
mto_Latn,genus_script
mtp_Latn,script
mua_Latn,family_script
mug_Latn,family_script
muh_Latn,family_script
mui_Latn,script
mup_Deva,script
mur_Latn,family_script
mus_Latn,script
mux_Latn,script
muy_Latn,script
mva_Latn,genus_script
mvn_Latn,genus_script
mvp_Latn,script
mwc_Latn,script
mwf_Latn,script
mwl_Latn,script
mwm_Latn,script
mwn_Latn,script
mwp_Latn,script
mwq_Latn,script
mwv_Latn,genus_script
mww_Latn,family_script
mxb_Latn,script
mxp_Latn,genus_script
mxq_Latn,script
mxt_Latn,family_script
mxv_Latn,script
mya_Mymr,script
myb_Latn,genus_script
myk_Latn,script
myu_Latn,family_script
myv_Cyrl,family_script
myw_Latn,genus_script
myx_Latn,script
myy_Latn,script
mza_Latn,script
mzh_Latn,script
mzk_Latn,family_script
mzl_Latn,script
mzm_Latn,family_script
mzn_Arab,genus_script
mzw_Latn,script
mzz_Latn,script
nab_Latn,script
naf_Latn,genus_script
nah_Latn,script
nak_Latn,genus_script
nan_Latn,family_script
nap_Latn,genus_script
naq_Latn,script
nas_Latn,script
nav_Latn,script
naw_Latn,script
nba_Latn,script
nbc_Latn,genus_script
nbe_Latn,script
nbl_Latn,script
nbq_Latn,script
nbu_Latn,family_script
nca_Latn,script
nch_Latn,script
ncj_Latn,genus_script
ncl_Latn,genus_script
ncq_Laoo,script
nct_Latn,script
ncu_Latn,family_script
ncx_Latn,script
ndc_Latn,script
nde_Latn,genus_script
ndh_Latn,script
ndi_Latn,family_script
ndj_Latn,script
ndo_Latn,genus_script
ndp_Latn,script
nds_Latn,genus_script
ndy_Latn,script
ndz_Latn,family_script
neb_Latn,script
new_Deva,script
nfa_Latn,script
nfr_Latn,family_script
ngb_Latn,family_script
ngc_Latn,genus_script
ngl_Latn,script
ngp_Latn,script
ngu_Latn,genus_script
nhd_Latn,script
nhe_Latn,genus_script
nhg_Latn,genus_script
nhi_Latn,script
nhk_Latn,script
nho_Latn,script
nhr_Latn,script
nhu_Latn,family_script
nhw_Latn,genus_script
nhx_Latn,genus_script
nhy_Latn,script
nia_Latn,genus_script
nif_Latn,script
nii_Latn,script
nij_Latn,family_script
nim_Latn,script
nin_Latn,script
nio_Cyrl,family_script
niq_Latn,genus_script
niu_Latn,genus_script
niy_Latn,family_script
njb_Latn,genus_script
njm_Latn,family_script
njn_Latn,script
njo_Latn,family_script
njz_Latn,family_script
nkf_Latn,script
nki_Latn,script
nko_Latn,family_script
nla_Latn,script
nlc_Latn,script
nld_Latn,genus_script
nlg_Latn,genus_script
nma_Latn,script
nmf_Latn,family_script
nmh_Latn,script
nmo_Latn,script
nmw_Latn,script
nmz_Latn,script
nnb_Latn,genus_script
nng_Latn,script
nnh_Latn,script
nnl_Latn,script
nno_Latn,script
nnp_Latn,script
nnq_Latn,script
nnw_Latn,script
noa_Latn,genus_script
nob_Latn,script
nod_Thai,script
nog_Cyrl,genus_script
non_Latn,script
nop_Latn,script
not_Latn,family_script
nou_Latn,script
nov_Latn,script
nph_Latn,script
npi_Deva,genus_script
npi_Latn,genus_script
npl_Latn,script
npo_Latn,script
npy_Latn,family_script
nqo_Nkoo,none
nre_Latn,script
nrf_Latn,script
nri_Latn,script
nsa_Latn,script
nse_Latn,genus_script
nsm_Latn,family_script
nsn_Latn,genus_script
nso_Latn,genus_script
nss_Latn,script
nst_Latn,genus_script
nsu_Latn,script
ntp_Latn,family_script
ntr_Latn,script
ntu_Latn,genus_script
nuj_Latn,script
nus_Latn,genus_script
nuy_Latn,script
nuz_Latn,script
nvm_Latn,script
nwb_Latn,script
nwi_Latn,genus_script
nwx_Deva,script
nxd_Latn,script
nya_Latn,genus_script
nyf_Latn,script
nyk_Latn,script
nyn_Latn,genus_script
nyo_Latn,genus_script
nyu_Latn,script
nyy_Latn,script
nza_Latn,script
nzi_Latn,script
nzm_Latn,family_script
obo_Latn,script
oci_Latn,genus_script
ogo_Latn,family_script
ojb_Cans,script
ojb_Latn,script
oke_Latn,script
oku_Latn,family_script
okv_Latn,genus_script
old_Latn,genus_script
olo_Latn,script
omb_Latn,genus_script
omw_Latn,script
ong_Latn,family_script
ons_Latn,genus_script
ood_Latn,family_script
opm_Latn,family_script
orv_Cyrl,script
ory_Latn,genus_script
ory_Orya,none
oss_Cyrl,family_script
ota_Arab,script
otd_Latn,script
ote_Latn,family_script
otm_Latn,family_script
otn_Latn,script
oto_Latn,script
otq_Latn,family_script
ots_Latn,script
otw_Latn,script
oym_Latn,genus_script
ozm_Latn,script
pab_Latn,family_script
pad_Latn,script
pag_Latn,genus_script
pah_Latn,script
pam_Latn,family_script
pan_Guru,none
pan_Latn,genus_script
pao_Latn,family_script
pap_Latn,genus_script
pau_Latn,family_script
pbb_Latn,script
pbc_Latn,script
pbi_Latn,family_script
pbt_Arab,script
pcd_Latn,script
pck_Latn,genus_script
pcm_Latn,genus_script
pdc_Latn,script
pdt_Latn,script
pem_Latn,script
pfe_Latn,script
pfl_Latn,script
phm_Latn,script
pib_Latn,family_script
pio_Latn,family_script
pir_Latn,script
pis_Latn,script
pjt_Latn,script
pkb_Latn,script
plg_Latn,script
pls_Latn,script
plt_Latn,family_script
plu_Latn,family_script
plw_Latn,script
pma_Latn,genus_script
pmf_Latn,family_script
pmq_Latn,script
pms_Latn,genus_script
pmx_Latn,script
pnb_Arab,script
pne_Latn,script
pnt_Grek,script
pny_Latn,script
poe_Latn,family_script
poh_Latn,genus_script
poi_Latn,genus_script
pol_Latn,genus_script
pon_Latn,genus_script
por_Latn,genus_script
pos_Latn,genus_script
pot_Latn,script
pov_Latn,genus_script
poy_Latn,genus_script
ppk_Latn,family_script
ppo_Latn,script
pps_Latn,script
prf_Latn,script
prg_Latn,script
pri_Latn,script
prq_Latn,script
pse_Latn,script
pss_Latn,genus_script
ptp_Latn,genus_script
ptu_Latn,genus_script
pua_Latn,script
pui_Latn,script
pwg_Latn,genus_script
pwn_Latn,family_script
pww_Thai,script
pxm_Latn,script
qub_Latn,genus_script
quc_Latn,genus_script
quf_Latn,script
qug_Latn,genus_script
quh_Latn,genus_script
qul_Latn,genus_script
qup_Latn,script
qus_Latn,script
quw_Latn,script
quy_Latn,genus_script
quz_Latn,genus_script
qva_Latn,script
qvc_Latn,genus_script
qve_Latn,script
qvh_Latn,script
qvi_Latn,genus_script
qvm_Latn,script
qvn_Latn,genus_script
qvo_Latn,script
qvs_Latn,script
qvw_Latn,script
qvz_Latn,script
qwh_Latn,script
qxh_Latn,script
qxl_Latn,script
qxn_Latn,script
qxo_Latn,script
qxr_Latn,script
rad_Latn,genus_script
rai_Latn,script
ram_Latn,script
rap_Latn,genus_script
rar_Latn,script
rav_Deva,script
raw_Latn,family_script
rcf_Latn,script
rej_Latn,family_script
rel_Latn,family_script
rgu_Latn,script
rhg_Latn,script
ria_Latn,script
rim_Latn,genus_script
rjs_Deva,script
rkb_Latn,script
rmc_Latn,script
rme_Latn,script
rml_Latn,genus_script
rmn_Cyrl,family_script
rmn_Grek,script
rmn_Latn,genus_script
rmo_Latn,genus_script
rmq_Latn,script
rmy_Cyrl,family_script
rmy_Latn,genus_script
rnd_Latn,script
rng_Latn,genus_script
rnl_Latn,script
roh_Latn,genus_script
ron_Cyrl,family_script
ron_Latn,genus_script
roo_Latn,script
rop_Latn,genus_script
row_Latn,script
rro_Latn,genus_script
rtm_Latn,genus_script
rub_Latn,script
rue_Cyrl,script
ruf_Latn,script
rug_Latn,genus_script
run_Latn,genus_script
rup_Latn,script
rus_Cyrl,genus_script
rwo_Latn,family_script
sab_Latn,script
sag_Latn,family_script
sah_Cyrl,genus_script
saj_Latn,script
san_Deva,script
san_Latn,script
sas_Latn,script
sat_Latn,family_script
sat_Olck,none
say_Latn,script
sba_Latn,genus_script
sbd_Latn,script
sbe_Latn,genus_script
sbl_Latn,script
sbs_Latn,genus_script
sby_Latn,script
sck_Deva,script
scn_Latn,script
sco_Latn,script
sda_Latn,genus_script
sdc_Latn,script
sdh_Arab,script
sdo_Latn,family_script
sdq_Latn,script
seh_Latn,genus_script
sel_Cyrl,family_script
ses_Latn,script
sey_Latn,script
sfw_Latn,script
sgb_Latn,script
sgc_Latn,script
sgh_Cyrl,family_script
sgs_Latn,script
sgw_Ethi,family_script
sgz_Latn,genus_script
shi_Latn,family_script
shk_Latn,genus_script
shn_Mymr,script
shp_Latn,genus_script
shr_Latn,script
shu_Arab,genus_script
sid_Latn,family_script
sig_Latn,script
sil_Latn,genus_script
sim_Latn,script
sin_Sinh,none
sja_Latn,genus_script
sjo_Mong,none
sju_Latn,script
skg_Latn,script
skr_Arab,script
sld_Latn,script
slk_Latn,genus_script
sll_Latn,genus_script
slv_Latn,genus_script
sma_Latn,family_script
sme_Latn,family_script
smj_Latn,script
smk_Latn,script
sml_Latn,script
smn_Latn,script
smo_Latn,genus_script
sms_Latn,script
smt_Latn,script
sna_Latn,genus_script
snc_Latn,genus_script
snd_Arab,family_script
snd_Deva,genus_script
snd_Latn,genus_script
snf_Latn,family_script
snn_Latn,script
snp_Latn,genus_script
snw_Latn,script
sny_Latn,script
soe_Latn,script
som_Latn,family_script
sop_Latn,genus_script
soq_Latn,script
sot_Latn,genus_script
soy_Latn,script
spa_Latn,genus_script
spl_Latn,genus_script
spm_Latn,script
spp_Latn,family_script
sps_Latn,genus_script
spy_Latn,script
srd_Latn,script
sri_Latn,script
srm_Latn,genus_script
srn_Latn,genus_script
srp_Cyrl,script
srp_Latn,script
srq_Latn,genus_script
srr_Latn,script
ssd_Latn,family_script
ssg_Latn,script
ssw_Latn,genus_script
ssx_Latn,script
stn_Latn,script
stp_Latn,family_script
stq_Latn,script
sua_Latn,script
suc_Latn,script
sue_Latn,genus_script
suk_Latn,genus_script
sun_Latn,genus_script
sur_Latn,family_script
sus_Arab,script
sus_Latn,genus_script
suz_Deva,script
swb_Latn,genus_script
swc_Latn,script
swe_Latn,genus_script
swg_Latn,script
swh_Latn,genus_script
swk_Latn,script
swp_Latn,script
sxb_Latn,script
sxn_Latn,family_script
syb_Latn,script
syc_Syrc,script
syl_Beng,script
syl_Latn,script
syl_Sylo,none
szb_Latn,script
szl_Latn,script
szy_Latn,script
tab_Cyrl,script
tac_Latn,family_script
tah_Latn,genus_script
taj_Deva,script
tam_Latn,script
tam_Taml,none
tap_Latn,genus_script
taq_Latn,family_script
taq_Tfng,none
tar_Latn,family_script
tat_Cyrl,genus_script
tat_Latn,genus_script
tav_Latn,script
taw_Latn,script
tay_Latn,family_script
tbc_Latn,genus_script
tbg_Latn,family_script
tbk_Latn,script
tbl_Latn,family_script
tbo_Latn,genus_script
tbw_Latn,genus_script
tby_Latn,script
tbz_Latn,script
tca_Latn,script
tcc_Latn,family_script
tcf_Latn,family_script
tcs_Latn,genus_script
tcy_Knda,script
tcz_Latn,genus_script
tdx_Latn,script
ted_Latn,script
tee_Latn,script
tel_Latn,script
tel_Telu,none
tem_Latn,family_script
teo_Latn,genus_script
ter_Latn,family_script
tet_Latn,family_script
tew_Latn,script
tfr_Latn,script
tgk_Cyrl,family_script
tgo_Latn,genus_script
tgp_Latn,script
tha_Thai,script
thk_Latn,script
thl_Deva,script
thv_Latn,family_script
tif_Latn,genus_script
tig_Ethi,family_script
tih_Latn,family_script
tik_Latn,family_script
tim_Latn,script
tir_Ethi,family_script
tiv_Latn,family_script
tiy_Latn,family_script
tke_Latn,script
tkl_Latn,genus_script
tkr_Cyrl,script
tku_Latn,script
tlb_Latn,script
tlf_Latn,genus_script
tlh_Latn,script
tlj_Latn,genus_script
tll_Latn,genus_script
tly_Latn,family_script
tmc_Latn,family_script
tmd_Latn,script
tna_Latn,family_script
tnc_Latn,script
tnk_Latn,genus_script
tnn_Latn,script
tnp_Latn,script
tnr_Latn,script
tob_Latn,script
toc_Latn,script
tod_Latn,script
tog_Latn,script
toh_Latn,script
toi_Latn,genus_script
toj_Latn,genus_script
tok_Latn,script
ton_Latn,genus_script
too_Latn,script
top_Latn,script
tos_Latn,script
tpa_Latn,script
tpi_Latn,genus_script
tpm_Latn,genus_script
tpn_Latn,genus_script
tpp_Latn,script
tpt_Latn,script
tpw_Latn,script
tpz_Latn,script
tqo_Latn,script
trc_Latn,family_script
trn_Latn,script
tro_Latn,genus_script
trp_Latn,genus_script
trq_Latn,script
trs_Latn,family_script
trv_Latn,family_script
tsc_Latn,script
tsg_Latn,genus_script
tsn_Latn,genus_script
tso_Latn,genus_script
tsw_Latn,script
tsz_Latn,script
ttc_Latn,genus_script
tte_Latn,script
ttj_Latn,script
ttq_Latn,script
ttq_Tfng,none
tuc_Latn,script
tue_Latn,script
tuf_Latn,script
tui_Latn,family_script
tuk_Arab,genus_script
tuk_Cyrl,genus_script
tuk_Latn,genus_script
tul_Latn,script
tum_Latn,script
tuo_Latn,script
tur_Latn,genus_script
tuv_Latn,genus_script
tvk_Latn,genus_script
tvl_Latn,genus_script
twb_Latn,script
twi_Latn,script
twu_Latn,family_script
twx_Latn,script
txq_Latn,script
txu_Latn,script
tyv_Cyrl,genus_script
tzh_Latn,genus_script
tzj_Latn,genus_script
tzl_Latn,script
tzm_Tfng,none
tzo_Latn,genus_script
ubr_Latn,script
ubu_Latn,genus_script
udm_Cyrl,family_script
udu_Latn,script
uig_Arab,genus_script
uig_Cyrl,genus_script
uig_Latn,genus_script
ukr_Cyrl,genus_script
umb_Latn,genus_script
upv_Latn,genus_script
ura_Latn,script
urb_Latn,genus_script
urd_Arab,family_script
urd_Latn,genus_script
urh_Latn,genus_script
uri_Latn,family_script
urk_Thai,script
urt_Latn,family_script
urw_Latn,script
ury_Latn,script
usa_Latn,genus_script
usp_Latn,script
uth_Latn,script
uvh_Latn,script
uvl_Latn,script
uzn_Cyrl,genus_script
uzn_Latn,genus_script
uzs_Arab,genus_script
vag_Latn,genus_script
vap_Latn,script
var_Latn,family_script
vec_Latn,script
ven_Latn,genus_script
vep_Latn,family_script
vid_Latn,script
vie_Latn,family_script
viv_Latn,genus_script
vls_Latn,script
vmk_Latn,script
vmw_Latn,script
vmy_Latn,script
vol_Latn,script
vot_Latn,family_script
vro_Latn,script
vun_Latn,script
vut_Latn,script
waj_Latn,script
wal_Ethi,family_script
wal_Latn,genus_script
wap_Latn,family_script
war_Latn,genus_script
wat_Latn,script
way_Latn,genus_script
wba_Latn,script
wbm_Latn,script
wbp_Latn,script
wed_Latn,genus_script
wer_Latn,family_script
wes_Latn,script
wew_Latn,script
whg_Latn,genus_script
whk_Latn,script
wib_Latn,family_script
wim_Latn,script
wiu_Latn,script
wln_Latn,script
wls_Latn,genus_script
wlv_Latn,script
wlx_Latn,script
wmt_Latn,script
wmw_Latn,script
wnc_Latn,family_script
wnu_Latn,family_script
wob_Latn,family_script
wol_Latn,family_script
wos_Latn,genus_script
wrk_Latn,script
wrs_Latn,script
wsg_Telu,script
wsk_Latn,family_script
wuu_Hani,genus_script
wuv_Latn,script
wwa_Latn,genus_script
xal_Cyrl,family_script
xav_Latn,script
xbi_Latn,family_script
xbr_Latn,family_script
xed_Latn,family_script
xho_Latn,genus_script
xla_Latn,script
xmf_Geor,script
xmm_Latn,genus_script
xmv_Latn,script
xnn_Latn,script
xog_Latn,script
xon_Latn,genus_script
xrb_Latn,script
xsb_Latn,script
xsi_Latn,genus_script
xsm_Latn,genus_script
xsr_Deva,script
xsu_Latn,script
xtd_Latn,script
xtm_Latn,script
xtn_Latn,script
xum_Latn,script
xuo_Latn,family_script
yaa_Latn,genus_script
yad_Latn,script
yal_Latn,script
yam_Latn,family_script
yan_Latn,script
yao_Latn,genus_script
yap_Latn,family_script
yaq_Latn,family_script
yas_Latn,genus_script
yat_Latn,script
yaz_Latn,script
ybb_Latn,family_script
yby_Latn,script
ycn_Latn,family_script
ydd_Hebr,script
yim_Latn,script
yka_Latn,family_script
yle_Latn,script
yli_Latn,family_script
yml_Latn,script
yom_Latn,genus_script
yon_Latn,script
yor_Latn,family_script
yrb_Latn,family_script
yre_Latn,script
yrk_Cyrl,family_script
yrl_Latn,script
yss_Latn,family_script
yua_Latn,genus_script
yue_Hani,genus_script
yuj_Latn,script
yup_Latn,genus_script
yut_Latn,script
yuw_Latn,script
yuz_Latn,script
yva_Latn,script
zaa_Latn,genus_script
zab_Latn,genus_script
zac_Latn,script
zad_Latn,script
zae_Latn,script
zai_Latn,genus_script
zam_Latn,script
zao_Latn,script
zar_Latn,script
zas_Latn,script
zat_Latn,script
zav_Latn,genus_script
zaw_Latn,genus_script
zca_Latn,script
zdj_Latn,script
zea_Latn,genus_script
zgh_Tfng,none
zia_Latn,script
ziw_Latn,script
zne_Latn,family_script
zoc_Latn,genus_script
zom_Latn,script
zos_Latn,genus_script
zpa_Latn,script
zpc_Latn,script
zpg_Latn,script
zpi_Latn,genus_script
zpj_Latn,script
zpl_Latn,script
zpm_Latn,genus_script
zpo_Latn,script
zpq_Latn,genus_script
zpt_Latn,script
zpu_Latn,script
zpv_Latn,script
zpz_Latn,genus_script
zsm_Arab,script
zsm_Latn,genus_script
zsr_Latn,script
ztq_Latn,script
zty_Latn,script
zul_Latn,genus_script
zyb_Latn,script
zyp_Latn,script
