lang,n_corpus_lines,n_scoreable,n_self_won,train_top1_rate,tau,excluded
abq_Cyrl,141,141,138,0.9787234042553191,-inf,True
ang_Latn,490,490,443,0.9040816326530612,4.532618713378906,False
aqz_Latn,271,271,213,0.7859778597785978,0.7728683471679688,False
arb_Latn,847,847,847,1.0,52.97864837646485,False
arc_Syrc,410,410,0,0.0,-inf,True
arr_Latn,572,572,540,0.9440559440559441,2.9903726577758794,False
asm_Latn,455,455,435,0.9560439560439561,5.077681732177735,False
bor_Latn,156,156,135,0.8653846153846154,-inf,True
brx_Latn,374,374,374,1.0,38.99654769897461,False
bwi_Latn,221,221,219,0.9909502262443439,34.55384902954101,False
csw_Cans,124,124,94,0.7580645161290323,-inf,True
csw_Latn,247,247,243,0.9838056680161943,18.60909881591797,False
cwd_Cans,231,231,230,0.9956709956709957,13.621427154541017,False
diu_Latn,166,166,151,0.9096385542168675,-inf,True
dng_Cyrl,804,804,802,0.9975124378109452,47.48865509033203,False
drg_Latn,201,201,197,0.9800995024875622,-inf,True
eme_Latn,645,645,592,0.9178294573643411,2.1804733276367188,False
eto_Latn,153,153,151,0.9869281045751634,-inf,True
fmu_Deva,974,974,974,1.0,48.04598617553712,False
goh_Latn,306,306,229,0.7483660130718954,7.280792236328125,False
hoc_Latn,380,380,377,0.9921052631578947,5.217378997802735,False
hoc_Wara,499,499,499,1.0,73.32441558837891,False
itl_Cyrl,978,978,977,0.9989775051124744,61.66752319335938,False
kak_Latn,165,165,161,0.9757575757575757,-inf,True
kap_Cyrl,776,776,776,1.0,54.71990203857422,False
kas_Latn,405,405,403,0.9950617283950617,14.889432525634765,False
kca_Cyrl,951,951,946,0.9947423764458465,35.98798370361328,False
kdr_Latn,85,85,85,1.0,-inf,True
kei_Latn,226,226,219,0.9690265486725663,13.988827514648438,False
kex_Deva,739,739,602,0.8146143437077131,1.3035263061523437,False
knx_Latn,351,351,346,0.9857549857549858,18.30545425415039,False
kqa_Latn,889,889,889,1.0,72.41221923828125,False
krx_Latn,970,970,970,1.0,41.392075347900395,False
ktz_Latn,357,357,357,1.0,66.03262939453126,False
lad_Hebr,171,171,64,0.3742690058479532,-inf,True
lbe_Cyrl,182,182,180,0.989010989010989,-inf,True
ldn_Latn,106,106,101,0.9528301886792453,-inf,True
lez_Cyrl,337,337,333,0.9881305637982196,5.541036987304688,False
liv_Latn,625,625,625,1.0,21.921829223632812,False
lki_Arab,211,211,118,0.5592417061611374,-inf,True
lld_Latn,814,814,797,0.9791154791154791,8.899594116210938,False
lrc_Arab,168,168,95,0.5654761904761905,-inf,True
lud_Latn,554,554,550,0.9927797833935018,13.409210968017579,False
max_Latn,333,333,255,0.7657657657657657,0.697450637817383,False
mev_Latn,277,277,276,0.9963898916967509,16.079986572265625,False
mgm_Latn,179,179,172,0.9608938547486033,-inf,True
mhw_Latn,524,524,519,0.9904580152671756,14.848646545410157,False
min_Arab,847,847,814,0.961038961038961,3.7522346496582033,False
mlu_Latn,815,815,808,0.9914110429447853,20.291715621948242,False
mni_Latn,889,889,884,0.9943757030371203,23.17061462402344,False
mns_Cyrl,971,971,970,0.9989701338825953,25.29769821166992,False
mnw_Mymr,291,291,290,0.9965635738831615,75.75776824951171,False
mrq_Latn,827,827,807,0.9758162031438936,16.733396148681642,False
mrv_Latn,137,137,118,0.8613138686131386,-inf,True
mus_Latn,406,406,405,0.9975369458128078,10.807145690917968,False
mwf_Latn,268,268,268,1.0,103.12970504760743,False
ndh_Latn,625,625,618,0.9888,10.315927124023437,False
nio_Cyrl,90,90,90,1.0,-inf,True
nla_Latn,233,233,230,0.9871244635193133,23.932518005371094,False
non_Latn,502,502,455,0.9063745019920318,3.2298889160156254,False
npi_Latn,359,359,357,0.9944289693593314,13.177716064453126,False
ory_Latn,435,435,430,0.9885057471264368,8.106587219238282,False
ota_Arab,674,674,567,0.841246290801187,1.1634979248046875,False
otw_Latn,85,85,84,0.9882352941176471,-inf,True
pmq_Latn,315,315,315,1.0,78.48226470947266,False
pnt_Grek,846,846,807,0.9539007092198581,4.945382690429687,False
prg_Latn,891,891,888,0.9966329966329966,8.113475799560547,False
pwn_Latn,561,561,517,0.9215686274509803,90.10363159179687,False
rme_Latn,366,366,366,1.0,18.464128494262695,False
say_Latn,693,693,691,0.9971139971139971,15.185099601745605,False
sbs_Latn,271,271,265,0.977859778597786,5.1404571533203125,False
sby_Latn,172,172,151,0.877906976744186,-inf,True
sdc_Latn,692,692,677,0.9783236994219653,11.946926879882813,False
sdo_Latn,643,643,635,0.9875583203732504,20.29744873046875,False
sel_Cyrl,111,111,111,1.0,-inf,True
sgh_Cyrl,614,614,605,0.9853420195439739,14.498129272460938,False
sjo_Mong,688,688,688,1.0,74.21394767761231,False
sju_Latn,102,102,98,0.9607843137254902,-inf,True
soe_Latn,945,945,941,0.9957671957671957,13.14031982421875,False
tat_Latn,885,885,869,0.9819209039548022,8.683308410644532,False
tay_Latn,743,743,740,0.9959623149394348,57.2085922241211,False
thv_Latn,372,372,266,0.7150537634408602,0.525665283203125,False
tkl_Latn,505,505,481,0.9524752475247524,2.9730072021484375,False
tkr_Cyrl,777,777,777,1.0,39.12776489257813,False
tpn_Latn,493,493,485,0.9837728194726166,6.1089630126953125,False
tpw_Latn,360,360,346,0.9611111111111111,2.950654983520508,False
tuv_Latn,532,532,522,0.981203007518797,12.454513549804688,False
tzl_Latn,190,190,153,0.8052631578947368,-inf,True
vot_Latn,119,119,101,0.8487394957983193,-inf,True
wew_Latn,727,727,718,0.9876203576341128,20.324077224731447,False
whg_Latn,782,782,773,0.9884910485933504,25.413674926757814,False
xum_Latn,113,113,104,0.9203539823008849,-inf,True
yup_Latn,270,270,269,0.9962962962962963,26.786590576171875,False
zpg_Latn,833,833,829,0.9951980792316927,40.12036285400391,False
zpj_Latn,90,90,84,0.9333333333333333,-inf,True
zsm_Arab,281,281,100,0.35587188612099646,-inf,True
