lang,n_scoreable,n_self_won,tau,excluded,cause
abi_Latn,2000,2000,52.2776757888794,False,
abq_Cyrl,141,132,-inf,True,low_calibration
abs_Latn,1335,1319,8.744624633789062,False,
abx_Latn,2000,2000,5.729766845703125,False,
abz_Latn,2000,1928,12.673769163597958,False,
aca_Latn,2000,2000,55.69167924986945,False,
acd_Latn,2000,2000,13.416113937505084,False,
ace_Arab,2000,1919,2.6886037044949003,False,
acm_Arab,2000,1642,0.29978282508850096,False,
acn_Latn,2000,2000,22.114926102468676,False,
ade_Latn,2000,1999,63.2776248550415,False,
adj_Latn,2000,1998,18.51173185551961,False,
adl_Latn,2000,1999,62.29782502365112,False,
ady_Cyrl,2000,1968,10.8486430202908,False,
adz_Latn,2000,1995,55.088287353515625,False,
aer_Latn,2000,1999,41.81104901275635,False,
aeu_Latn,2000,2000,52.9659562225342,False,
agn_Latn,2000,1995,4.289930183919278,False,
agt_Latn,2000,1996,12.8136614224116,False,
agx_Cyrl,1958,1936,21.283749946594238,False,
aha_Latn,2000,1996,10.049829608281449,False,
aia_Latn,2000,1999,11.958213732147218,False,
aim_Latn,2000,1988,14.769816871643068,False,
ain_Latn,2000,1966,24.192019344329836,False,
aji_Latn,2000,1991,27.810443158043753,False,
ajz_Latn,2000,1999,25.648204708862306,False,
akb_Latn,2000,1979,4.911389826244777,False,
ake_Latn,2000,2000,36.6355961842431,False,
akp_Latn,2000,1997,15.401223524305555,False,
ald_Latn,2000,2000,63.86537229029338,False,
alj_Latn,2000,2000,16.40149226849874,False,
alp_Latn,2000,1997,8.097334628253517,False,
alq_Latn,2000,1998,1.9677080441792807,False,
aly_Latn,2000,2000,25.383955353207057,False,
amf_Latn,2000,1997,34.18083223554823,False,
amk_Latn,2000,1998,6.699331224229599,False,
amu_Latn,2000,1996,10.133468119303368,False,
amx_Latn,1656,1656,37.295473403930664,False,
ang_Latn,490,467,5.617456581963433,False,
anp_Deva,2000,1383,1.0108743377685547,False,
anv_Latn,2000,1999,11.298345634460457,False,
any_Latn,2000,1996,38.86825741322835,False,
aoi_Latn,2000,1997,77.75281435343423,False,
aom_Latn,2000,1999,32.652644138336186,False,
aoz_Latn,2000,1999,17.717343267822265,False,
apb_Latn,2000,1997,68.73625184190537,False,
apn_Latn,2000,2000,34.13407991193135,False,
apt_Latn,2000,1998,36.666283316103616,False,
apu_Latn,2000,1978,50.634115951538085,False,
apw_Latn,2000,2000,39.171480845896404,False,
aqz_Latn,271,94,-inf,True,low_calibration
arb_Latn,847,847,45.528365021514894,False,
arc_Syrc,410,0,-inf,True,low_calibration
are_Latn,2000,1997,47.54883659718831,False,
arp_Latn,1963,1955,73.02834773169623,False,
arq_Arab,2000,1686,1.1366251525878905,False,
arr_Latn,572,458,1.3052539727105035,False,
asg_Latn,2000,1995,1.8137415844387534,False,
asm_Latn,455,429,4.250115286509196,False,
atd_Latn,2000,1995,6.478268110402428,False,
atg_Latn,2000,2000,2.3006531211853027,False,
ati_Latn,2000,1928,36.62452302398682,False,
atj_Latn,1662,1614,72.86005292358398,False,
atq_Latn,2000,1995,20.881014776611323,False,
att_Latn,2000,2000,18.54586417541499,False,
auc_Latn,2000,2000,63.74331622873942,False,
aui_Latn,2000,1995,24.17901565589905,False,
ava_Cyrl,2000,1996,6.642101730346678,False,
avk_Latn,2000,1978,4.545528727213542,False,
avn_Latn,2000,2000,27.020913920762805,False,
avu_Latn,2000,2000,59.82493464813232,False,
awi_Latn,2000,1999,44.50084495162964,False,
awx_Latn,2000,1992,49.86131857511732,False,
ayo_Latn,2000,2000,91.28602606951395,False,
ayp_Arab,2000,1999,15.306564025878906,False,
azg_Latn,2000,2000,7.683034085379699,False,
azz_Latn,2000,2000,14.267172703806558,False,
bao_Latn,2000,1996,2.764119682312009,False,
bav_Latn,2000,1994,16.67876836617782,False,
bbj_Latn,2000,1999,44.71661247406006,False,
bbk_Latn,2000,2000,71.00277695948283,False,
bbo_Latn,2000,1996,23.94558188883463,False,
bco_Latn,2000,2000,86.66304838163587,False,
bcw_Latn,2000,2000,14.513887210252552,False,
bdh_Latn,2000,1999,93.46001525878907,False,
bdq_Latn,2000,2000,49.857169460720485,False,
bea_Latn,1152,1152,41.33949846191406,False,
ben_Latn,2000,1952,8.756705512576634,False,
beq_Latn,2000,1989,12.693683276197646,False,
bew_Latn,2000,1861,0.7889868036905934,False,
bfd_Latn,2000,2000,10.404377700805664,False,
bfo_Latn,2000,1993,5.92193115234375,False,
bgr_Latn,2000,1995,2.207070999654134,False,
bgt_Latn,2000,1999,38.6361794708252,False,
bgz_Latn,2000,1995,27.208379845174154,False,
bhg_Latn,2000,2000,33.05615234375,False,
bhp_Latn,2000,1930,13.603345364252725,False,
bhz_Latn,2000,1997,51.19100055253771,False,
bib_Latn,2000,1999,8.029834689331054,False,
biu_Latn,2000,1997,9.921136176215278,False,
biv_Latn,2000,1999,0.976840380096437,False,
bjn_Arab,2000,1923,2.163293728298611,False,
bjp_Latn,2000,2000,40.395787880410076,False,
bkd_Latn,2000,1997,9.409533267211915,False,
bkl_Latn,2000,2000,77.05353066296048,False,
bkq_Latn,2000,1998,37.09013500573901,False,
bku_Latn,2000,2000,25.8708423699273,False,
bkv_Latn,2000,2000,30.037486327997843,False,
bla_Latn,1048,1046,41.64448779466417,False,
blh_Latn,2000,2000,52.56803699323866,False,
blt_Latn,2000,1999,106.44328210449218,False,
blw_Latn,2000,1999,25.487873523712157,False,
blz_Latn,2000,1997,4.767212055799694,False,
bmk_Latn,1657,1623,5.739516633266873,False,
bmq_Latn,2000,2000,16.135169440205896,False,
bmr_Latn,2000,2000,24.098171208699533,False,
bmv_Latn,2000,2000,55.59350977740817,False,
bnj_Latn,2000,1971,2.783596233791775,False,
bno_Latn,2000,1994,25.166893774668377,False,
boa_Latn,2000,2000,49.147194804212766,False,
bom_Latn,2000,1999,53.90145263519287,False,
bor_Latn,156,96,-inf,True,low_calibration
bov_Latn,2000,1998,3.2035982015185924,False,
box_Latn,2000,2000,22.532320549943723,False,
bpr_Latn,2000,1903,0.029765582275390615,False,
bps_Latn,2000,1919,0.09244236297607437,False,
bqj_Latn,2000,1999,37.56295109710693,False,
bqp_Latn,2000,1971,3.0321727159288194,False,
brh_Arab,2000,1955,3.2197215323554143,False,
bru_Latn,2000,2000,38.21414186007191,False,
brx_Deva,2000,1976,8.40820215013292,False,
brx_Latn,374,374,31.684112436252168,False,
bsc_Latn,2000,2000,41.59406672668457,False,
bsn_Latn,2000,1994,6.145429754638671,False,
bsp_Latn,2000,1989,24.56125032043457,False,
bsq_Latn,2000,1974,32.08221624531216,False,
bss_Latn,2000,2000,21.302829989708798,False,
btd_Latn,2000,1986,11.362704763412475,False,
bth_Latn,2000,1998,37.69138198216756,False,
btt_Latn,2000,2000,30.245804086558024,False,
bud_Latn,2000,2000,41.34076657083299,False,
bug_Latn,2000,1927,4.848752291870118,False,
bvc_Latn,2000,2000,18.65194685236613,False,
bvd_Latn,2000,1990,11.748430118942261,False,
bvr_Latn,2000,1999,47.350143280029286,False,
bvz_Latn,2000,2000,80.5286109015147,False,
bwd_Latn,2000,1987,21.30814096272786,False,
bwi_Latn,221,219,17.380558774990504,False,
bwq_Latn,2000,1991,11.82382592370775,False,
bwu_Latn,2000,1994,11.731015602196589,False,
bxh_Latn,2000,1996,25.183220916748045,False,
byv_Latn,1735,1728,39.72649844720628,False,
byx_Latn,2000,1999,32.64563964538574,False,
bzi_Thai,2000,2000,38.07258501790365,False,
caa_Latn,2000,2000,8.906048079087965,False,
caf_Latn,2000,1982,0.15897463124593086,False,
cag_Latn,2000,1994,55.82892541016472,False,
cao_Latn,2000,2000,17.608860821533188,False,
cas_Latn,2000,2000,92.16175744018555,False,
cav_Latn,2000,1996,24.766495801289878,False,
cbc_Latn,2000,1978,1.1380868927001937,False,
cbi_Latn,2000,2000,47.96162074584961,False,
cbt_Latn,2000,2000,70.40293062795003,False,
cbu_Latn,2000,1999,24.673780791473387,False,
cco_Latn,2000,2000,111.84788068606053,False,
ccp_Latn,2000,1999,32.38606027450561,False,
cdf_Latn,2000,2000,32.71450685997009,False,
cdo_Latn,2000,1999,192.41800705413817,False,
ceg_Latn,2000,2000,68.01404869639079,False,
cgc_Latn,2000,1991,8.071026730431463,False,
chj_Latn,2000,2000,62.61042976413302,False,
cho_Latn,1031,1009,27.34051318969727,False,
chq_Latn,2000,2000,65.04646868197123,False,
chr_Cher,2000,2000,123.10599177212185,False,
chr_Latn,2000,1997,63.53822348632813,False,
chz_Latn,2000,2000,107.51138807033969,False,
cjo_Latn,2000,1967,0.30657603488498275,False,
cjp_Latn,2000,1996,41.911883342742925,False,
cjs_Cyrl,1320,1319,26.01999575805664,False,
cko_Latn,2000,1994,7.144257452223036,False,
ckt_Cyrl,2000,1964,9.057764576731788,False,
cle_Latn,2000,2000,59.06269739685059,False,
clu_Latn,2000,1984,7.117316723505656,False,
cly_Latn,2000,1654,1.4311690339406336,False,
cme_Latn,2000,1998,9.38988307088219,False,
cmo_Khmr,2000,1999,37.51554967651367,False,
cmo_Latn,2000,1989,4.175249616665315,False,
cmr_Latn,2000,2000,68.11364214558071,False,
cnk_Latn,2000,1817,1.2584214680989583,False,
cnl_Latn,2000,1999,16.918434890747054,False,
cnt_Latn,2000,2000,61.56969090983075,False,
cnw_Latn,2000,1994,13.588041237725152,False,
coe_Latn,2000,2000,45.701621508789145,False,
cof_Latn,2000,1998,32.6844101140764,False,
con_Latn,2000,1998,10.338429330105242,False,
cos_Latn,2000,1974,3.4958948522567748,False,
cot_Latn,2000,1992,3.653515387344361,False,
cou_Latn,2000,2000,47.776805815908645,False,
cpa_Latn,2000,2000,15.259229312260956,False,
cpb_Latn,2000,1967,0.17493508165147567,False,
cpc_Latn,2000,1986,0.2351942247814595,False,
cpu_Latn,2000,1979,0.365429373847113,False,
cpy_Latn,2000,1988,3.695821282450358,False,
crh_Latn,2000,1944,0.5758286160151165,False,
cri_Latn,2000,1869,9.557865169270833,False,
crj_Cans,2000,1980,8.853408153957792,False,
crk_Cans,2000,1978,32.32683200531005,False,
crk_Latn,2000,1993,53.04131273600261,False,
crl_Cans,2000,1968,6.372547995673286,False,
crm_Cans,2000,1933,1.3717728881835938,False,
crt_Latn,2000,2000,55.02355905456543,False,
crx_Latn,2000,1993,5.070745674641928,False,
csb_Latn,2000,1971,10.676069463094073,False,
csk_Latn,2000,1999,9.615056707763673,False,
cso_Latn,2000,1998,20.470901588863775,False,
csw_Cans,124,71,-inf,True,low_calibration
csw_Latn,247,239,13.875935424380831,False,
cta_Latn,2000,2000,24.338070286644772,False,
cto_Latn,2000,1904,13.261805182478163,False,
cub_Latn,2000,1997,16.194751986694335,False,
cuc_Latn,2000,2000,43.395326282077356,False,
cui_Latn,2000,2000,20.762056828498825,False,
cul_Latn,2000,2000,28.661144743601472,False,
cut_Latn,2000,2000,15.12611171008215,False,
cux_Latn,2000,2000,135.71324429126318,False,
cwd_Cans,231,119,-inf,True,low_calibration
cwe_Latn,2000,1947,0.12643256785074863,False,
cwt_Latn,2000,2000,27.078126761457654,False,
cya_Latn,2000,1883,0.021448682149251306,False,
daa_Latn,2000,1996,9.79307852363584,False,
daf_Latn,2000,2000,77.65611801859538,False,
dag_Latn,2000,1989,53.19923263346355,False,
dak_Latn,2000,2000,61.409090123494465,False,
dar_Cyrl,1870,1859,22.699135294596353,False,
dbq_Latn,2000,1998,60.818120653618706,False,
ddg_Latn,1354,1328,25.656109232584637,False,
ddn_Latn,2000,2000,26.119613744099933,False,
des_Latn,2000,2000,22.323825226508244,False,
dga_Latn,2000,1996,6.156145383199054,False,
dgc_Latn,2000,2000,7.332011781311035,False,
dgi_Latn,2000,1999,11.987927396392823,False,
dhg_Latn,1607,1607,36.34301284061008,False,
dhm_Latn,2000,1994,8.067372879981994,False,
did_Latn,2000,2000,107.24364620878431,False,
dig_Latn,2000,1984,3.684587900670369,False,
dip_Latn,2000,1990,3.482860565185547,False,
dis_Latn,2000,1999,33.53908759307861,False,
diu_Latn,166,90,-inf,True,low_calibration
dje_Latn,2000,1988,13.44014946568807,False,
djr_Latn,2000,1997,11.144953416612413,False,
dks_Latn,2000,1951,0.8450080235799153,False,
dng_Cyrl,804,800,40.56992703653972,False,
dnw_Latn,2000,1999,74.68087056427002,False,
doi_Deva,2000,1867,3.027242317708333,False,
dos_Latn,2000,1999,34.470958773803716,False,
dow_Latn,2000,1997,27.453460582987468,False,
drg_Latn,201,173,-inf,True,low_calibration
dsb_Latn,2000,1935,2.5601991755167646,False,
dsh_Latn,2000,2000,90.05800217878551,False,
dtb_Latn,2000,1998,23.75526272964478,False,
dts_Latn,2000,1996,24.34090270233154,False,
dty_Deva,2000,1838,2.040927214050293,False,
due_Latn,2000,1995,7.48077055909898,False,
dug_Latn,2000,1991,4.641720712449814,False,
duo_Latn,2000,2000,9.148952966308595,False,
dur_Latn,2000,1999,74.53246136779786,False,
dwr_Ethi,1693,1591,1.7805423889160157,False,
dyi_Latn,2000,1997,9.341249688720708,False,
dyo_Latn,2000,1989,10.455101843600804,False,
dzo_Tibt,2000,1705,0.1553446533203125,False,
ebk_Latn,2000,1998,10.369144994354247,False,
eka_Latn,2000,1997,15.256790924072273,False,
eko_Latn,2000,1998,21.87359931945801,False,
eme_Latn,645,526,1.8241031289100647,False,
enb_Latn,2000,1999,16.283058390045166,False,
enl_Latn,2000,2000,75.56568248596191,False,
enq_Latn,2000,1995,9.149020409817165,False,
eri_Latn,2000,1998,14.248777205615566,False,
esi_Latn,2000,1932,1.9176239371405708,False,
esk_Latn,2000,1972,0.04041952209472652,False,
ess_Latn,2000,1992,22.893619001642865,False,
esu_Latn,2000,2000,27.086313952467176,False,
eto_Latn,153,142,-inf,True,low_calibration
etr_Latn,2000,2000,68.8117222120497,False,
etu_Latn,2000,2000,81.30041033799912,False,
eve_Cyrl,1953,1929,33.76203479003906,False,
ewo_Latn,2000,1966,34.206892428398135,False,
ext_Latn,2000,1968,3.2393754571702744,False,
fad_Latn,1949,1947,55.0067257103814,False,
fal_Latn,2000,1993,29.109566925048824,False,
fan_Latn,2000,1985,1.0964004231770836,False,
far_Latn,2000,1995,9.864577977498373,False,
fit_Latn,2000,1878,2.1724697431352404,False,
fkv_Latn,1884,1520,0.5554528864542643,False,
fmu_Deva,974,971,24.71630625152588,False,
frd_Latn,2000,1995,47.79442849561903,False,
fro_Latn,2000,1925,0.3696284898546006,False,
frp_Latn,2000,1914,20.888400164116753,False,
frr_Latn,2000,1982,4.277184613800049,False,
fud_Latn,2000,1982,7.110807453409831,False,
fue_Latn,2000,1968,2.6196687778896757,False,
fuq_Latn,2000,1916,0.10452802870008679,False,
fuv_Arab,2000,1999,138.9656987930298,False,
gag_Cyrl,2000,1988,12.547176003774009,False,
gag_Latn,2000,1991,15.066989453633626,False,
gai_Latn,2000,1998,32.13456990852355,False,
gbi_Latn,2000,1998,28.45670995534261,False,
gbo_Latn,2000,2000,59.3956499742296,False,
gbr_Latn,2000,1997,28.956411564805773,False,
gde_Latn,2000,2000,11.00740832163493,False,
gdg_Latn,2000,1998,27.975856008699203,False,
geb_Latn,2000,1995,27.912961059231204,False,
gej_Latn,2000,2000,51.63288486264546,False,
ghe_Deva,2000,1997,18.200597968207465,False,
gid_Latn,2000,1999,26.469149640274047,False,
gmh_Latn,2000,1993,18.233646936035157,False,
gmv_Ethi,2000,1856,0.48354725392659503,False,
gna_Latn,2000,2000,39.27291726413303,False,
gnb_Latn,2000,1986,5.973260284423828,False,
gnd_Latn,2000,1996,48.099517822265625,False,
gng_Latn,2000,1997,5.944188331603996,False,
gnn_Latn,2000,1994,1.9232711596594916,False,
goa_Latn,1598,1588,19.523769851938884,False,
gof_Ethi,2000,1827,0.4014630767822266,False,
gof_Latn,2000,1972,0.9187922492980954,False,
gog_Latn,2000,1980,5.099043495517305,False,
goh_Latn,306,251,2.826201820373535,False,
gom_Deva,2000,1902,1.7859369676378039,False,
gor_Latn,2000,1998,38.90856340738932,False,
gos_Latn,2000,1954,2.788013730239868,False,
got_Goth,2000,2000,199.10849818471274,False,
got_Latn,2000,1969,10.80842039031982,False,
gqr_Latn,2000,2000,21.532513940768776,False,
grt_Beng,2000,1993,28.599619411214192,False,
gud_Latn,2000,2000,27.397647828292847,False,
guh_Latn,2000,2000,29.429505332310978,False,
guj_Latn,2000,1930,4.028138070424398,False,
guk_Ethi,2000,1980,3.556597987874349,False,
gul_Latn,2000,1999,6.340769744110108,False,
gun_Latn,2000,1990,4.253464036369314,False,
guo_Latn,2000,2000,39.58191319147746,False,
guq_Latn,2000,1998,42.0645021018982,False,
guu_Latn,2000,2000,122.60460900082057,False,
guz_Latn,2000,1989,12.402254720052083,False,
gvl_Latn,2000,1998,8.003416137780087,False,
gvn_Latn,2000,2000,32.54356471710205,False,
gwi_Latn,2000,2000,30.424279468536376,False,
gwr_Latn,2000,1994,13.471830412546794,False,
hae_Latn,2000,1989,3.384504406060113,False,
hag_Latn,2000,1996,7.686422856648763,False,
hak_Latn,2000,1970,46.55510934787327,False,
hav_Latn,2000,1883,1.6645227089775934,False,
haw_Latn,2000,1948,15.689845212809244,False,
hay_Latn,2000,1521,0.6187137722439235,False,
hig_Latn,2000,1993,48.67944938151042,False,
hix_Latn,2000,2000,42.39389055574205,False,
hlt_Latn,2000,1998,12.666125738398234,False,
hnn_Latn,2000,1996,16.96238578224182,False,
hoc_Latn,380,354,2.4102951736450193,False,
hoc_Wara,499,499,180.55642169596354,False,
hop_Latn,2000,2000,62.21982954495748,False,
hto_Latn,2000,1999,9.950463768768309,False,
hun_Hung,2000,2000,167.90167236328125,False,
hvn_Latn,2000,1982,28.420071391465928,False,
hwc_Latn,2000,1994,26.321738206185234,False,
icr_Latn,2000,1999,3.921760181426997,False,
ife_Latn,2000,2000,22.204045576180345,False,
ifk_Latn,2000,1994,2.1094942589018046,False,
ifu_Latn,2000,1993,8.524928483072925,False,
ikt_Latn,1601,1600,29.641504792404174,False,
ikw_Latn,2000,1996,0.9152510147094726,False,
ilb_Latn,2000,1986,6.845077572928534,False,
ile_Latn,2000,1931,1.142867467032538,False,
inb_Latn,2000,1997,3.9900255584716575,False,
inh_Cyrl,2000,1816,5.865956214904785,False,
iqw_Latn,2000,1909,1.6398061462402345,False,
iri_Latn,2000,1998,8.525505879359786,False,
irk_Latn,2000,1998,46.80161488405863,False,
iry_Latn,2000,1996,18.084456995010378,False,
isd_Latn,2000,1999,35.59665223083496,False,
itl_Cyrl,978,975,78.11382881622315,False,
itv_Latn,2000,1997,19.629898592122395,False,
ivb_Latn,2000,1999,23.203572116088868,False,
ivv_Latn,2000,1995,18.23457159398397,False,
izr_Latn,2000,1998,6.949214600372302,False,
jaa_Latn,2000,1991,54.8438593489329,False,
jav_Java,2000,2000,158.68445040359498,False,
jbo_Latn,2000,1978,3.6887118471463523,False,
jbu_Latn,2000,1998,30.86838302612305,False,
jic_Latn,2000,2000,33.73837554423015,False,
jiv_Latn,2000,1997,6.506860873752174,False,
jmc_Latn,2000,1993,12.782211547851563,False,
jun_Orya,2000,1992,15.127550053405761,False,
kak_Latn,165,161,-inf,True,low_calibration
kan_Latn,2000,1946,6.395503058592479,False,
kao_Latn,2000,1995,22.22524480938382,False,
kap_Cyrl,776,775,41.16507250976563,False,
kas_Arab,2000,1993,12.799363000488281,False,
kas_Deva,2000,1958,5.164354254235161,False,
kas_Latn,405,400,11.304797914505006,False,
kbc_Latn,2000,2000,38.40500465613468,False,
kbh_Latn,2000,2000,42.393693676503496,False,
kbo_Latn,2000,2000,46.27816916147868,False,
kbr_Latn,2000,2000,30.46367652435303,False,
kby_Latn,1099,1096,13.468675333023072,False,
kca_Cyrl,951,944,32.41238357899984,False,
kcg_Latn,2000,1999,68.69586000823975,False,
kdc_Latn,2000,1931,0.5816733470492893,False,
kdh_Latn,1820,1820,34.843770033094614,False,
kdi_Latn,2000,1996,1.5153977012634259,False,
kdj_Latn,2000,1995,14.70813457607693,False,
kdl_Latn,2000,1997,1.2574430976019968,False,
kdr_Latn,85,85,-inf,True,low_calibration
kei_Latn,226,218,10.156844415283203,False,
ken_Latn,2000,2000,6.533281468073545,False,
keo_Latn,2000,1996,36.61248005612691,False,
ker_Latn,2000,2000,53.158341067504885,False,
kex_Deva,739,425,0.48092853732638896,False,
kez_Latn,2000,1995,35.65739365234375,False,
kff_Telu,2000,1995,18.656694321695966,False,
kgk_Latn,2000,1992,14.309866743850707,False,
kgr_Latn,2000,1997,63.013599299112954,False,
khq_Latn,2000,1996,14.35910139465332,False,
khs_Latn,2000,1998,31.929574747721375,False,
khy_Latn,2000,1994,16.381129015774196,False,
kix_Latn,2000,1999,38.441631367492676,False,
kje_Latn,2000,1999,12.780574722290043,False,
kkc_Latn,2000,2000,44.983247986602784,False,
kki_Latn,2000,1982,0.1649393766827054,False,
kkj_Latn,2000,1997,16.986698380872944,False,
kkl_Latn,2000,2000,60.45244234805637,False,
kle_Deva,2000,1993,10.92482469177246,False,
klt_Latn,2000,2000,76.88187638838026,False,
kma_Latn,2000,1993,7.5541835896809895,False,
kmd_Latn,2000,2000,47.08300261921353,False,
kmg_Latn,2000,1998,59.6141901227951,False,
kmk_Latn,2000,1996,8.076900307337437,False,
kmr_Cyrl,2000,2000,65.67451427137587,False,
kmy_Latn,2000,1997,10.154288823784722,False,
knc_Arab,2000,1869,44.081525178019206,False,
knc_Latn,2000,1910,2.8036117903815376,False,
kne_Latn,2000,1998,1.410003662109375,False,
knk_Latn,2000,1993,11.744099466959636,False,
kno_Latn,2000,2000,32.68045260069105,False,
knx_Latn,351,343,12.515775146484375,False,
kny_Latn,2000,1986,21.025889852523804,False,
kog_Latn,2000,1998,35.26136887143454,False,
koi_Cyrl,2000,1729,0.5782828613281249,False,
kpj_Latn,2000,1998,21.34249948149787,False,
kpq_Latn,2000,1995,55.8339688015408,False,
kpz_Latn,2000,1998,28.9628979329639,False,
kqa_Latn,889,888,77.91799774229261,False,
kqe_Latn,2000,1994,2.4845452418009484,False,
kqf_Latn,2000,1997,26.83040510338677,False,
kql_Latn,1133,1133,81.45413722958034,False,
kqo_Latn,2000,2000,115.19213857167563,False,
kqp_Latn,2000,1998,8.393690545272822,False,
kqs_Latn,2000,1996,31.774603771209716,False,
kqw_Latn,2000,1998,26.613592009480797,False,
kqy_Ethi,2000,1929,1.1952984551323789,False,
krj_Latn,2000,1984,0.8410549640655508,False,
krl_Latn,2000,1878,6.645625707541573,False,
kru_Deva,2000,1997,2.4782498372395674,False,
krx_Latn,970,969,31.596947733561198,False,
ksb_Latn,2000,1991,8.07707617102729,False,
ksc_Latn,2000,1998,20.04765341803233,False,
ksf_Latn,2000,1976,43.327509235805934,False,
ksh_Latn,2000,1965,3.6710975112915034,False,
ksj_Latn,2000,2000,65.74002187415229,False,
ksp_Latn,2000,1996,32.45908106486002,False,
ktb_Ethi,2000,1930,0.6178913665771484,False,
ktj_Latn,2000,1980,0.3775612014770518,False,
ktm_Latn,2000,1995,29.27019896214803,False,
ktz_Latn,357,357,62.58582639973958,False,
kub_Latn,2000,1991,2.551507184346515,False,
kuj_Latn,2000,1999,35.065600801467895,False,
kum_Cyrl,2000,1970,3.08081556930542,False,
kus_Latn,2000,1999,18.02088334960938,False,
kvg_Latn,2000,1998,119.85046606742011,False,
kvj_Latn,2000,2000,48.85689872673882,False,
kvn_Latn,2000,2000,26.021484449068712,False,
kwd_Latn,2000,1999,10.33672657394408,False,
kwi_Latn,2000,1998,17.805626219007706,False,
kxc_Ethi,2000,1932,1.0460842783610027,False,
kxm_Thai,2000,1999,42.68237282409668,False,
kxw_Latn,2000,2000,111.47204680379232,False,
kyf_Latn,2000,2000,2.3357289628770475,False,
kyu_Kali,2000,2000,476.95886695014104,False,
kyu_Latn,2000,1990,204.25622551727292,False,
kyu_Mymr,2000,2000,157.2030812927246,False,
kyz_Latn,2000,2000,30.562233117675778,False,
kzf_Latn,2000,1999,11.42149288330078,False,
kzj_Latn,2000,1952,2.507508472145928,False,
kzn_Latn,2000,1432,1.7478775024414064,False,
lac_Latn,2000,2000,19.66017714631822,False,
lad_Hebr,171,82,-inf,True,low_calibration
lad_Latn,2000,1923,2.8278999383714463,False,
lai_Latn,2000,1993,9.922791005961098,False,
lap_Latn,2000,2000,51.51893808148702,False,
las_Latn,2000,2000,28.149942031012642,False,
law_Latn,2000,2000,74.1794188563029,False,
lbb_Latn,1700,1696,36.03681809107463,False,
lbe_Cyrl,182,143,-inf,True,low_calibration
lbj_Tibt,2000,1998,94.5074148050944,False,
lbk_Latn,2000,1993,4.762092081705732,False,
lcp_Thai,2000,2000,50.015959283447266,False,
ldn_Latn,106,89,-inf,True,low_calibration
lea_Latn,2000,1925,3.495404869418674,False,
led_Latn,2000,2000,37.34720926022,False,
lee_Latn,2000,1999,12.274568582916249,False,
lef_Latn,2000,1998,33.636011837175154,False,
lem_Latn,2000,2000,11.085262934790718,False,
lew_Latn,2000,1992,9.074059111785889,False,
lez_Cyrl,337,267,1.6840654976738825,False,
lfn_Cyrl,2000,1991,6.09694168249766,False,
lfn_Latn,2000,1985,2.095895361328125,False,
lgg_Latn,2000,1893,8.133863460286458,False,
lgl_Latn,2000,2000,31.21594054467943,False,
lgm_Latn,2000,1994,6.07657937772539,False,
lhi_Latn,2000,2000,113.83679790200127,False,
lia_Latn,2000,1997,25.84344690416124,False,
lif_Limb,2000,2000,238.034587987264,False,
lip_Latn,2000,2000,7.707400359471639,False,
lis_Lisu,2000,2000,275.0518566040039,False,
liv_Latn,625,623,19.468911700778538,False,
ljp_Latn,2000,1993,17.39717910970052,False,
lki_Arab,211,81,-inf,True,low_calibration
lld_Latn,814,796,8.541560352961223,False,
llg_Latn,2000,1987,3.5264634602864584,False,
lln_Latn,2000,1980,28.50044356049431,False,
lmk_Latn,2000,1996,4.1466364612579305,False,
lmp_Latn,2000,2000,63.42614820823669,False,
lob_Latn,2000,2000,15.06989231024848,False,
loe_Latn,2000,1991,31.08960004594591,False,
log_Latn,2000,2000,64.16386340128581,False,
lok_Latn,2000,1998,33.14052262912326,False,
lol_Latn,2000,1995,7.939687683105468,False,
lom_Latn,2000,2000,25.123205105018616,False,
loq_Latn,2000,1997,39.20852460784912,False,
lrc_Arab,168,57,-inf,True,low_calibration
lsi_Latn,2000,1999,49.120540451049806,False,
lsm_Latn,2000,1988,10.55960342203776,False,
ltg_Latn,2000,1958,1.5548030620574953,False,
luc_Latn,2000,1997,41.28983688693577,False,
lud_Latn,554,545,11.923476993815104,False,
lwg_Latn,1392,1365,5.433807527669271,False,
lwo_Latn,2000,2000,22.69170662943522,False,
lww_Latn,2000,2000,29.33570883460575,False,
maf_Latn,2000,2000,38.53818047010633,False,
mag_Deva,2000,1588,0.5177539882659912,False,
maj_Latn,2000,2000,9.552567607328633,False,
mal_Latn,2000,1923,2.827569839307997,False,
maq_Latn,2000,2000,39.50249619503021,False,
mar_Latn,2000,1868,2.9095358085632324,False,
maw_Latn,2000,1998,4.948512615267428,False,
max_Latn,333,175,-inf,True,low_calibration
maz_Latn,2000,1999,30.66080620117187,False,
mbd_Latn,2000,1991,13.387294623057047,False,
mbf_Latn,2000,1999,28.148248165893555,False,
mbi_Latn,2000,1998,17.712977583736844,False,
mbj_Latn,2000,1998,30.57335539321901,False,
mbl_Latn,2000,2000,26.482787896728517,False,
mbt_Latn,2000,1994,2.259731324513746,False,
mcb_Latn,2000,1997,6.870495141601565,False,
mcf_Latn,2000,2000,23.429557159317895,False,
mcu_Latn,2000,2000,34.76065623897976,False,
mda_Latn,2000,1999,27.614679162597643,False,
mdf_Cyrl,2000,1965,0.9220671869913737,False,
mej_Latn,2000,1998,57.33520753275554,False,
men_Latn,2000,1989,6.352287337239584,False,
meq_Latn,2000,1994,2.171556254662404,False,
mer_Latn,2000,1870,3.9408138381958007,False,
met_Latn,2000,1996,41.38654936981201,False,
mev_Latn,277,220,2.0479204947153726,False,
mfg_Latn,1598,1596,16.90465797721015,False,
mfh_Latn,2000,1997,39.54418061998155,False,
mfi_Latn,2000,1998,30.502908478291822,False,
mfk_Latn,2000,2000,7.3109597454071045,False,
mfz_Latn,2000,1999,42.841825782775885,False,
mgc_Latn,2000,1998,30.32968231625027,False,
mgm_Latn,179,165,-inf,True,low_calibration
mgo_Latn,2000,1989,54.20313109893799,False,
mhi_Latn,2000,2000,22.237654926808677,False,
mhl_Latn,2000,2000,24.50317166957855,False,
mhw_Latn,524,513,6.0918320583767365,False,
mhx_Latn,2000,2000,23.899871919250497,False,
mhy_Latn,2000,1995,22.003720330937703,False,
mic_Latn,2000,2000,25.680161616855198,False,
mie_Latn,2000,2000,9.564414401075542,False,
mif_Latn,2000,2000,5.513145453537846,False,
mig_Latn,2000,2000,5.7309763034184575,False,
mih_Latn,2000,2000,2.9800862373352053,False,
mil_Latn,2000,2000,21.81218212042913,False,
mim_Latn,2000,1998,22.61097665710449,False,
min_Arab,847,724,1.2542788623809815,False,
mio_Latn,2000,2000,4.813863181686401,False,
mip_Latn,2000,2000,31.275338220045303,False,
mir_Latn,2000,2000,50.32702356092664,False,
mit_Latn,2000,2000,28.42257478332519,False,
miy_Latn,2000,1999,1.0336859710693358,False,
miz_Latn,2000,2000,25.42990027851528,False,
mjc_Latn,2000,1998,5.5274248231252034,False,
mjw_Latn,2000,1996,20.515679321289063,False,
mkl_Latn,2000,1998,4.519805183919268,False,
mks_Latn,2000,1999,8.06825933227539,False,
mkz_Latn,1446,1427,24.994165941111245,False,
mlu_Latn,815,808,14.875990137736002,False,
mmn_Latn,2000,1998,32.565992308680215,False,
mnb_Latn,2000,1997,29.389932381863066,False,
mnf_Latn,2000,2000,52.02827983080546,False,
mni_Latn,889,887,22.9371826520284,False,
mni_Mtei,2000,2000,109.5175585808648,False,
mnk_Latn,2000,1985,21.594298149956597,False,
mns_Cyrl,971,968,23.624252006912233,False,
mnw_Mymr,291,289,33.98278818359375,False,
mnx_Latn,2000,1996,118.42541599527995,False,
moa_Latn,2000,1999,15.55121459960937,False,
mog_Latn,2000,2000,48.301898382229275,False,
moh_Latn,1569,1559,52.20456108754476,False,
mor_Latn,2000,2000,96.62201301032172,False,
mpg_Latn,2000,1997,10.489468249003092,False,
mph_Latn,1016,1016,80.82966047837999,False,
mpm_Latn,2000,1994,4.261724602890014,False,
mpp_Latn,2000,2000,45.4656758676317,False,
mqb_Latn,2000,2000,23.41688341399298,False,
mqy_Latn,2000,1996,33.18853160158793,False,
mrg_Latn,2000,1997,76.08301416015625,False,
mrq_Latn,827,798,6.9230124455346,False,
mrv_Latn,137,90,-inf,True,low_calibration
msb_Latn,2000,1988,0.8050376383463531,False,
msc_Latn,2000,1995,11.53363078189426,False,
mse_Latn,2000,1995,17.24554723002116,False,
msk_Latn,2000,1991,1.4081816724141438,False,
msm_Latn,2000,1983,2.083186772664388,False,
mta_Latn,2000,1999,8.596508070373515,False,
mtg_Latn,2000,1998,81.64172089979384,False,
mtj_Latn,2000,1994,48.41436828066508,False,
mtp_Latn,2000,2000,30.025925465901693,False,
mua_Latn,2000,1999,41.51789196777344,False,
muh_Latn,2000,1998,19.787463003455304,False,
mui_Latn,2000,1927,6.822905654907225,False,
mup_Deva,2000,1992,13.814888213560316,False,
mur_Latn,2000,1999,30.737678791046143,False,
mus_Latn,406,403,9.657248844401042,False,
muy_Latn,2000,2000,12.021931927490236,False,
mvn_Latn,2000,1997,8.26322801513672,False,
mvp_Latn,2000,1997,12.409524922688801,False,
mwc_Latn,2000,1994,19.55441150773366,False,
mwf_Latn,268,268,98.90444191182453,False,
mwp_Latn,2000,1999,58.36343333435059,False,
mwq_Latn,2000,1998,37.95618143039279,False,
mwv_Latn,2000,1998,19.328025386386447,False,
mxb_Latn,2000,1999,4.538729312896731,False,
mxp_Latn,2000,1997,32.10759374830458,False,
mxq_Latn,2000,2000,21.392722934044706,False,
mxt_Latn,2000,1992,3.486819114070463,False,
myb_Latn,2000,1998,20.39644292844137,False,
myk_Latn,2000,1996,3.1214986966450926,False,
myu_Latn,2000,1998,16.692936490535732,False,
myy_Latn,2000,1999,2.9049745788574226,False,
mza_Latn,2000,2000,26.3384269563463,False,
mzk_Latn,2000,1999,46.67806033935547,False,
mzl_Latn,2000,2000,116.64204530741374,False,
mzm_Latn,2000,1996,5.011557946205148,False,
mzw_Latn,2000,2000,5.190672038841243,False,
mzz_Latn,1662,1662,38.03362776082357,False,
nab_Latn,2000,2000,144.66421827985977,False,
nah_Latn,2000,1561,0.4786290156046551,False,
naw_Latn,2000,1997,4.646453165181481,False,
nbc_Latn,2000,2000,35.316623573896614,False,
nbe_Latn,2000,1996,38.00461281077067,False,
nbq_Latn,2000,2000,75.34603628217909,False,
ncl_Latn,2000,1997,5.238025549994562,False,
ncq_Laoo,2000,1996,16.12093515014649,False,
nct_Latn,2000,1996,32.06339872996012,False,
ncu_Latn,2000,2000,48.75084077699449,False,
ndh_Latn,625,585,3.6609373304579,False,
ndi_Latn,2000,1998,48.441039947509765,False,
ndj_Latn,2000,1997,0.6884919954088,False,
ndp_Latn,2000,1997,21.536778895568844,False,
ndy_Latn,2000,2000,46.40347812516954,False,
ndz_Latn,2000,2000,24.624663192515918,False,
neb_Latn,2000,1997,53.13521000434028,False,
nfa_Latn,2000,1993,36.217624029541014,False,
nfr_Latn,2000,1996,17.557262166341143,False,
ngb_Latn,2000,1992,21.038644717788696,False,
ngc_Latn,2000,1998,15.637905698013306,False,
ngp_Latn,2000,1929,0.03575999111599395,False,
nhd_Latn,2000,1969,4.159637520345052,False,
nhg_Latn,2000,1999,25.628588681030273,False,
nhk_Latn,2000,1862,4.798822661166721,False,
nhr_Latn,2000,1999,11.679344486236575,False,
nhu_Latn,2000,2000,17.92858434401618,False,
nhw_Latn,2000,1917,0.11438268364800355,False,
nhy_Latn,2000,1994,0.5357024239434129,False,
nif_Latn,2000,2000,61.801243125915526,False,
nij_Latn,2000,1993,23.305123935953777,False,
nim_Latn,2000,1995,6.8179471160041025,False,
nio_Cyrl,90,90,-inf,True,low_calibration
niy_Latn,2000,2000,92.67350229407417,False,
njb_Latn,2000,1999,49.50527688522339,False,
njz_Latn,2000,1998,56.49709330927531,False,
nkf_Latn,2000,1994,39.92862557665507,False,
nki_Latn,2000,1931,1.818153167724609,False,
nko_Latn,2000,1999,10.064858755493164,False,
nla_Latn,233,232,11.301174026234943,False,
nlc_Latn,2000,1993,58.249104799397784,False,
nlg_Latn,2000,1994,13.449647024790446,False,
nma_Latn,2000,2000,49.22454911693997,False,
nmh_Latn,2000,1998,30.94924087660048,False,
nmo_Latn,2000,2000,26.161864389419552,False,
nmw_Latn,2000,1996,42.40508987236023,False,
nmz_Latn,2000,2000,40.77912821044923,False,
nng_Latn,2000,2000,53.57819515016344,False,
nnh_Latn,2000,2000,58.00223514972262,False,
nnp_Latn,2000,2000,48.790359077453616,False,
nnq_Latn,2000,1997,0.31939646301269536,False,
nnw_Latn,2000,2000,31.82329657024809,False,
nod_Thai,2000,1999,55.337398207092285,False,
non_Latn,502,431,2.4035764668782553,False,
nov_Latn,1813,1725,3.203587994978163,False,
nph_Latn,2000,2000,30.425239142608643,False,
npi_Latn,359,355,7.028472983296712,False,
npo_Latn,2000,1998,35.703728283691404,False,
npy_Latn,2000,1998,17.961466260655722,False,
nqo_Nkoo,2000,2000,878.0932291529338,False,
nrf_Latn,2000,1985,25.2025067952474,False,
nri_Latn,2000,1992,19.74017998131646,False,
nsa_Latn,2000,1998,27.38568758850098,False,
nss_Latn,2000,1995,35.14313258192274,False,
nsu_Latn,2000,1988,0.6591542752583827,False,
ntp_Latn,2000,2000,50.15965314195421,False,
ntr_Latn,2000,1998,6.949982689581973,False,
ntu_Latn,2000,2000,63.88755979711745,False,
nuj_Latn,2000,1979,10.266971228027344,False,
nus_Latn,2000,1994,10.316098775100706,False,
nuy_Latn,2000,1993,95.4682469482422,False,
nuz_Latn,1598,1596,14.123255352020262,False,
nwb_Latn,2000,2000,41.74990112898085,False,
nwi_Latn,2000,2000,12.747989827304432,False,
nwx_Deva,2000,1995,4.923906685638428,False,
nxd_Latn,2000,1995,8.093716612625121,False,
nyf_Latn,2000,1972,3.6449196655273437,False,
nyo_Latn,2000,1956,1.2171970977783204,False,
nza_Latn,2000,2000,69.16656079211765,False,
obo_Latn,2000,1990,20.01677446861267,False,
oku_Latn,2000,2000,60.18744209967719,False,
old_Latn,2000,1984,4.229491302744548,False,
olo_Latn,2000,1989,7.135996459960937,False,
omb_Latn,2000,2000,57.66510341644287,False,
ood_Latn,2000,1996,31.04529103151957,False,
ory_Latn,435,422,5.012705750783284,False,
ota_Arab,674,573,1.21370082804362,False,
otd_Latn,2000,1994,37.52801962623596,False,
otm_Latn,2000,2000,15.304009054056804,False,
otn_Latn,2000,1994,17.294804046969933,False,
oto_Latn,2000,1876,2.9974708557128906,False,
otq_Latn,2000,1997,1.419094458685975,False,
otw_Latn,85,84,-inf,True,low_calibration
oym_Latn,2000,2000,64.20882600708008,False,
ozm_Latn,2000,2000,89.5215209833781,False,
pab_Latn,2000,1999,21.4427328918457,False,
pah_Latn,2000,1999,19.060550697326665,False,
pan_Latn,2000,1903,7.14452763671875,False,
pao_Latn,2000,2000,24.760498021676803,False,
pbb_Latn,2000,1998,19.267331742541007,False,
pbc_Latn,2000,2000,71.7348445892334,False,
pbi_Latn,2000,1998,40.19758429082235,False,
pcd_Latn,2000,1946,3.5682234452035693,False,
pdc_Latn,2000,1974,15.98790360967848,False,
pem_Latn,2000,1993,12.826817041015625,False,
pfe_Latn,2000,1999,23.71728963470459,False,
pfl_Latn,2000,1974,3.9476799223158094,False,
pio_Latn,2000,2000,41.54087295970915,False,
pir_Latn,2000,2000,9.513834259668988,False,
pkb_Latn,2000,1995,10.034308546235827,False,
plg_Latn,2000,1995,8.309610593159992,False,
pmf_Latn,2000,1976,33.834186977810326,False,
pmq_Latn,315,315,89.44660311508179,False,
pne_Latn,2000,1997,17.596897183736175,False,
pnt_Grek,846,825,9.145276208496094,False,
pny_Latn,2000,2000,55.08039915237426,False,
pos_Latn,2000,1999,76.83698487548827,False,
pot_Latn,2000,1995,59.32188641967773,False,
poy_Latn,2000,1998,15.460286283281114,False,
ppk_Latn,2000,1992,32.76428096923828,False,
pps_Latn,2000,2000,18.73692112189399,False,
prf_Latn,2000,1997,0.5094941551208507,False,
prg_Latn,891,887,8.28897442264557,False,
pri_Latn,2000,1998,31.9148519045088,False,
prq_Latn,2000,1983,8.840299720255532,False,
pse_Latn,2000,2000,16.526467725096808,False,
pss_Latn,2000,2000,67.46461255569459,False,
ptu_Latn,2000,1998,2.591226357396447,False,
pua_Latn,2000,1978,4.8349101409912105,False,
pui_Latn,2000,1998,57.76752904595269,False,
pwn_Latn,561,517,92.90577214355469,False,
quf_Latn,2000,1992,4.215279830805461,False,
qus_Latn,2000,1997,18.87786299641927,False,
qva_Latn,2000,1954,2.481776065826416,False,
qvc_Latn,2000,1992,3.066122581905789,False,
qve_Latn,2000,1939,0.03855411987304687,False,
qvm_Latn,2000,1961,0.5561630249023433,False,
qvn_Latn,2000,1973,0.4230158860948351,False,
qvo_Latn,2000,1968,1.3406801098293726,False,
qvs_Latn,2000,1994,1.0179353229946557,False,
qvz_Latn,2000,1988,2.0079692787170407,False,
qwh_Latn,2000,1999,9.119093407058703,False,
qxh_Latn,2000,1973,0.29643343370225705,False,
qxl_Latn,2000,1996,34.64051818148295,False,
qxn_Latn,2000,1943,0.07936364618937183,False,
qxr_Latn,2000,1913,0.9157214747111003,False,
ram_Latn,2000,2000,141.14025673014322,False,
rap_Latn,2000,1999,45.2339247970581,False,
rav_Deva,2000,1998,13.026015831078423,False,
raw_Latn,2000,1998,129.78394308378432,False,
rcf_Latn,2000,1996,10.78684465789795,False,
rej_Latn,2000,1975,16.218538319396973,False,
rel_Latn,2000,2000,33.03707790374756,False,
rgu_Latn,2000,1990,7.415742259979247,False,
rhg_Latn,2000,1989,11.011104896036784,False,
ria_Latn,2000,1999,32.204830305480954,False,
rim_Latn,2000,1992,1.1795837059021002,False,
rjs_Deva,2000,1997,13.318445400661892,False,
rkb_Latn,2000,2000,25.370919987297054,False,
rme_Latn,366,366,25.16926145553589,False,
rml_Latn,1790,1778,23.530706551869716,False,
rmo_Latn,2000,1977,1.9871141443888345,False,
rmq_Latn,2000,2000,40.43963899803162,False,
row_Latn,2000,1988,7.960682394239638,False,
rtm_Latn,2000,1998,40.542615661409165,False,
rub_Latn,2000,1997,36.31494943169488,False,
rue_Cyrl,2000,1945,4.599933734130859,False,
ruf_Latn,2000,1986,0.5829611426459388,False,
rup_Latn,2000,1991,23.720545077853732,False,
sab_Latn,2000,2000,38.96411778098212,False,
saj_Latn,2000,2000,62.73204493840535,False,
sas_Latn,2000,2000,39.442759895324706,False,
sat_Latn,2000,2000,73.67444587910971,False,
sat_Olck,2000,2000,58.843580829450815,False,
say_Latn,693,692,14.549785614013672,False,
sbd_Latn,2000,1999,26.213593229293824,False,
sbe_Latn,2000,1997,18.676593890719943,False,
sbl_Latn,2000,1998,4.677179575157165,False,
sbs_Latn,271,168,-inf,True,low_calibration
sby_Latn,172,88,-inf,True,low_calibration
sck_Deva,2000,1972,7.119374694824219,False,
sdc_Latn,692,682,11.009692279561362,False,
sdo_Latn,643,631,13.538023761749267,False,
sdq_Latn,2000,1996,28.452459175109862,False,
sel_Cyrl,111,111,-inf,True,low_calibration
sey_Latn,2000,1999,17.313589158630393,False,
sfw_Latn,2000,1996,8.89467688624064,False,
sgb_Latn,2000,1999,5.476749066162106,False,
sgc_Latn,2000,1996,10.160963083902995,False,
sgh_Cyrl,614,582,8.555551113128661,False,
sgs_Latn,2000,1993,9.917995618693034,False,
sgw_Ethi,2000,1891,0.7011956634521487,False,
shi_Latn,2000,1802,2.3611665687561034,False,
shk_Latn,2000,2000,90.11742301105923,False,
shr_Latn,2000,1949,1.4172806549072265,False,
shu_Arab,2000,1998,18.617398881022133,False,
sig_Latn,2000,2000,6.7266060554504365,False,
sil_Latn,2000,1998,20.113124523162842,False,
sjo_Mong,688,688,89.65573432210286,False,
sju_Latn,102,89,-inf,True,low_calibration
skr_Arab,2000,1806,1.7083818238576254,False,
sld_Latn,2000,2000,23.67399665620592,False,
sma_Latn,2000,1993,16.381084993489583,False,
smj_Latn,2000,1991,9.039926514731514,False,
smk_Latn,2000,1998,4.357372553920746,False,
sml_Latn,2000,1997,27.125750684950088,False,
smn_Latn,2000,1992,13.110239846801758,False,
sms_Latn,2000,1994,32.464802269617714,False,
smt_Latn,2000,1981,0.26649414062499993,False,
snd_Deva,2000,1922,4.1751182983822295,False,
snd_Latn,2000,1942,6.744449853897094,False,
snf_Latn,2000,1999,46.16046308898925,False,
snn_Latn,2000,2000,35.04505849838258,False,
snw_Latn,2000,1996,3.3836979160308833,False,
soe_Latn,945,913,5.967067779541016,False,
soy_Latn,2000,2000,5.857471817864269,False,
spm_Latn,2000,2000,76.79309553294712,False,
spp_Latn,2000,2000,13.431918837907599,False,
sri_Latn,2000,1997,7.945732191297735,False,
srq_Latn,2000,1999,40.99302040596009,False,
srr_Latn,2000,1995,22.07072591777378,False,
stn_Latn,2000,1998,28.18428258895874,False,
stp_Latn,2000,2000,29.85959197150333,False,
stq_Latn,2000,1991,34.5912166197035,False,
suc_Latn,2000,2000,61.32421368598938,False,
sur_Latn,2000,2000,54.35679701932271,False,
swb_Latn,1096,1080,7.306171184285482,False,
swg_Latn,2000,1808,2.122551666641235,False,
swk_Latn,2000,1988,9.304918398751154,False,
sxb_Latn,2000,1998,3.5790990185843534,False,
syb_Latn,2000,2000,36.50831645050049,False,
syc_Syrc,2000,1998,19.13548581297133,False,
syl_Beng,2000,1987,14.353201351674398,False,
syl_Latn,2000,2000,42.88383718079461,False,
syl_Sylo,2000,2000,96.62254441324869,False,
szb_Latn,2000,1996,52.96293207740783,False,
szy_Latn,2000,1990,60.317425256347654,False,
tab_Cyrl,2000,1996,5.739724429448449,False,
taj_Deva,2000,1994,2.3904130092620797,False,
tam_Latn,2000,1918,3.850133340549469,False,
tap_Latn,2000,1978,10.341543826293945,False,
taq_Tfng,2000,1999,45.513384918212886,False,
tat_Latn,885,872,8.385080430348713,False,
tav_Latn,2000,2000,9.899042297363282,False,
taw_Latn,2000,1996,9.899924728393563,False,
tay_Latn,743,740,42.71987120581733,False,
tbk_Latn,2000,2000,56.27351419576009,False,
tbl_Latn,2000,2000,61.91205136396621,False,
tbw_Latn,2000,1999,58.91631939239502,False,
tby_Latn,2000,1998,26.025914965311685,False,
tca_Latn,2000,2000,79.6490659686618,False,
tcc_Latn,2000,2000,5.093600533739728,False,
tcy_Knda,2000,1922,2.0980563643137624,False,
ted_Latn,2000,1997,2.1992801564534528,False,
tee_Latn,2000,1998,19.94989899255964,False,
tel_Latn,2000,1823,2.8790629306369357,False,
tem_Latn,2000,1999,24.920213757324213,False,
ter_Latn,2000,1997,6.530880371729541,False,
tew_Latn,2000,1999,159.67072642669677,False,
tfr_Latn,2000,1998,43.00927605980767,False,
tgp_Latn,2000,2000,13.626423281669625,False,
thk_Latn,2000,2000,38.048912021636966,False,
thl_Deva,2000,1977,9.019504694620768,False,
thv_Latn,372,154,-inf,True,low_calibration
tig_Ethi,2000,170,-inf,True,low_calibration
tik_Latn,2000,2000,60.089458984375,False,
tiy_Latn,2000,2000,15.882815937466091,False,
tke_Latn,2000,1975,3.3470481608072915,False,
tkl_Latn,505,399,1.6585607751210532,False,
tkr_Cyrl,777,777,27.203249739583335,False,
tku_Latn,2000,1988,0.18624754524230933,False,
tlb_Latn,2000,1998,24.160921608310275,False,
tlj_Latn,2000,1999,2.050393968200684,False,
tly_Latn,2000,1985,63.44451732855903,False,
tmc_Latn,2000,2000,200.8300865453084,False,
tmd_Latn,2000,1999,25.539571475982676,False,
tnc_Latn,2000,2000,158.90916091427275,False,
tnk_Latn,2000,2000,19.717614115439506,False,
tnn_Latn,2000,1996,1.193249785105388,False,
tnp_Latn,2000,2000,17.68681364440918,False,
tnr_Latn,2000,2000,67.75548561096191,False,
toc_Latn,2000,2000,17.919262228393528,False,
too_Latn,2000,1967,0.12579903793334954,False,
tos_Latn,2000,1998,20.798859697129984,False,
tpa_Latn,1672,1667,11.352109804958767,False,
tpn_Latn,493,480,7.210590759150186,False,
tpp_Latn,2000,1998,10.6310771774292,False,
tpt_Latn,2000,1998,3.316764683193622,False,
tpw_Latn,360,308,1.9003089256286623,False,
tqo_Latn,2000,1995,52.291115258534745,False,
trc_Latn,2000,2000,84.02304789132012,False,
trn_Latn,2000,2000,64.05324303885565,False,
tro_Latn,2000,1998,18.621207161458333,False,
trq_Latn,2000,2000,51.41626960788303,False,
trs_Latn,2000,2000,114.94704646157157,False,
trv_Latn,2000,1996,69.55348304748536,False,
tsg_Latn,2000,2000,38.98020210910373,False,
tsw_Latn,2000,1996,5.210813713073731,False,
ttc_Latn,2000,1998,6.847654598024164,False,
ttq_Latn,2000,1994,14.426033846537273,False,
ttq_Tfng,2000,2000,27.29747608489989,False,
tue_Latn,2000,1999,8.283412152099611,False,
tuf_Latn,2000,1999,24.003690988159175,False,
tuk_Arab,2000,1999,40.84850732803345,False,
tul_Latn,2000,1999,42.29696525192261,False,
tuv_Latn,532,514,6.436250680541992,False,
twb_Latn,2000,1977,3.785799931844075,False,
twu_Latn,2000,1992,10.76293161201477,False,
txu_Latn,2000,2000,40.22303097890216,False,
tzl_Latn,190,167,-inf,True,low_calibration
tzm_Tfng,1590,1305,0.7327826131184897,False,
udu_Latn,2000,2000,26.789933299043447,False,
upv_Latn,2000,1997,1.7351889001634402,False,
ura_Latn,2000,2000,26.752208280923632,False,
urb_Latn,2000,1986,12.026129322475862,False,
uri_Latn,2000,1999,95.95256732177734,False,
urk_Thai,2000,2000,52.28139877827962,False,
urt_Latn,2000,1995,8.304311965433758,False,
urw_Latn,1006,1006,67.07066660054525,False,
ury_Latn,2000,1997,84.3953577094184,False,
usp_Latn,2000,1998,8.41580764452614,False,
uth_Latn,2000,2000,92.62022761230469,False,
uvh_Latn,2000,1999,33.740082445144644,False,
vag_Latn,2000,1996,2.6815696061452203,False,
var_Latn,2000,2000,55.06057101287842,False,
vep_Latn,2000,1989,6.763815350172255,False,
vid_Latn,2000,1988,0.15337090320587107,False,
vmk_Latn,1646,1344,1.4308072049882676,False,
vmy_Latn,2000,1999,8.478542448425284,False,
vot_Latn,119,86,-inf,True,low_calibration
vun_Latn,2000,1989,0.15630658094618052,False,
vut_Latn,2000,2000,20.856556967502172,False,
wal_Ethi,2000,1859,0.950886206732856,False,
wat_Latn,2000,1997,35.166264412604434,False,
way_Latn,2000,1999,61.33234049530029,False,
wba_Latn,2000,1998,30.395968603897096,False,
wed_Latn,2000,1921,5.7453676757812495,False,
wew_Latn,727,718,14.90398709456126,False,
whg_Latn,782,774,20.41246773308648,False,
whk_Latn,2000,1998,38.331979290220474,False,
wib_Latn,2000,1999,57.01120840911865,False,
wim_Latn,2000,2000,48.45862459839715,False,
wlv_Latn,1486,1471,23.609219250996908,False,
wmt_Latn,1953,1953,43.57015437011719,False,
wmw_Latn,2000,1992,0.941052740478518,False,
wob_Latn,2000,1998,5.6070707066854055,False,
wrk_Latn,2000,2000,68.55116011365254,False,
wsg_Telu,2000,1995,27.809991167110862,False,
wwa_Latn,2000,1995,26.92827788276673,False,
xal_Cyrl,2000,1980,9.783022932942707,False,
xbi_Latn,2000,1992,62.01184590521918,False,
xbr_Latn,2000,1982,42.103831420898445,False,
xed_Latn,2000,1995,10.541566890038375,False,
xmm_Latn,2000,1996,29.98513280105591,False,
xnn_Latn,2000,1987,7.940372782389324,False,
xrb_Latn,2000,1999,13.971848793792724,False,
xsb_Latn,2000,1992,1.6473386869642397,False,
xsr_Deva,2000,1998,5.598217173682319,False,
xtd_Latn,2000,1994,3.4157523525661864,False,
xum_Latn,113,92,-inf,True,low_calibration
xuo_Latn,2000,1998,30.525160351096275,False,
yaa_Latn,2000,1996,31.356121872266133,False,
yad_Latn,2000,2000,53.65430610749987,False,
yal_Latn,2000,1997,0.5452851498074002,False,
yam_Latn,2000,2000,14.342974057134015,False,
yaq_Latn,2000,2000,24.033006399197056,False,
yas_Latn,2000,2000,48.74131567064921,False,
yat_Latn,2000,2000,47.16578554823133,False,
yaz_Latn,2000,2000,64.25311056874594,False,
ybb_Latn,2000,1972,8.163173095703124,False,
ycn_Latn,2000,1999,30.77874524917602,False,
yli_Latn,2000,1994,52.01854228570726,False,
yrb_Latn,2000,2000,10.631490032810635,False,
yrk_Cyrl,1902,1893,42.551098292541504,False,
yrl_Latn,2000,1799,9.61444034767151,False,
yup_Latn,270,270,20.134431728363037,False,
yuz_Latn,2000,1997,55.614197358873156,False,
yva_Latn,2000,2000,18.32601745936076,False,
zaa_Latn,2000,1998,27.956489801152546,False,
zac_Latn,2000,2000,11.95870553016663,False,
zad_Latn,2000,1999,7.547746311187743,False,
zae_Latn,2000,2000,19.759786485671995,False,
zam_Latn,2000,2000,30.192788642078067,False,
zao_Latn,2000,1999,7.712935327148423,False,
zar_Latn,2000,1999,7.3739416595458955,False,
zas_Latn,2000,1999,4.475677410888667,False,
zat_Latn,2000,2000,19.874756234274976,False,
zav_Latn,2000,1999,8.101895941925044,False,
zaw_Latn,2000,1998,8.59344436365765,False,
zca_Latn,2000,2000,17.223749229812626,False,
zdj_Latn,1573,1552,7.601408168156942,False,
zea_Latn,2000,1844,1.7825195655822754,False,
zgh_Tfng,2000,1649,0.2842764397515191,False,
ziw_Latn,2000,1908,0.04725449638366694,False,
zoc_Latn,2000,2000,88.260164621226,False,
zos_Latn,2000,2000,11.463170438808874,False,
zpc_Latn,2000,2000,17.53253445593516,False,
zpg_Latn,833,831,30.6087454861535,False,
zpi_Latn,2000,1996,13.381446868896486,False,
zpj_Latn,90,85,-inf,True,low_calibration
zpl_Latn,2000,1998,16.086663040161135,False,
zpm_Latn,2000,1998,25.409928237067327,False,
zpo_Latn,2000,1996,7.117461187998449,False,
zpq_Latn,2000,2000,3.781997123336792,False,
zpt_Latn,2000,1997,6.693012887149394,False,
zpu_Latn,2000,1999,0.5926700813293457,False,
zpv_Latn,2000,2000,39.07415871514214,False,
zpz_Latn,2000,2000,18.520121268802214,False,
zsm_Arab,281,68,-inf,True,low_calibration
zsr_Latn,2000,1982,1.27245837512546,False,
ztq_Latn,2000,2000,12.328852926635722,False,
zty_Latn,2000,2000,5.763315274217391,False,
zyb_Latn,2000,2000,60.42379756355285,False,
zyp_Latn,2000,1995,12.069981174892849,False,
